state,county,poverty_pct,med_income
AL,alabama,19.2,42917
AL,autauga county,13.1,54366
AL,baldwin county,13,49626
AL,barbour county,25.4,34971
AL,bibb county,18.1,39546
AL,blount county,17.5,45567
AL,bullock county,35.1,26580
AL,butler county,25,32512
AL,calhoun county,20.5,41123
AL,chambers county,21.3,34116
AL,cherokee county,18.6,38013
AL,chilton county,18.1,41450
AL,choctaw county,25,35049
AL,clarke county,24.9,36620
AL,clay county,19.5,35940
AL,cleburne county,17,40418
AL,coffee county,16.8,46931
AL,colbert county,16.7,43057
AL,conecuh county,30.6,29101
AL,coosa county,18.8,34679
AL,covington county,20.8,36149
AL,crenshaw county,21.2,34445
AL,cullman county,17.2,39922
AL,dale county,22.4,41940
AL,dallas county,35.2,26602
AL,dekalb county,24,36241
AL,elmore county,14.4,54298
AL,escambia county,25.1,37077
AL,etowah county,19,39904
AL,fayette county,20.6,35664
AL,franklin county,23.1,33881
AL,geneva county,23.9,34425
AL,greene county,33.2,26504
AL,hale county,28.1,33315
AL,henry county,17.3,39930
AL,houston county,20.1,40124
AL,jackson county,22,36923
AL,jefferson county,19.5,44852
AL,lamar county,20.6,34553
AL,lauderdale county,18.7,41324
AL,lawrence county,16.6,41574
AL,lee county,25.2,41256
AL,limestone county,13.6,51175
AL,lowndes county,31.4,30675
AL,macon county,32.1,28518
AL,madison county,14.2,58833
AL,marengo county,25.6,32977
AL,marion county,20.2,37707
AL,marshall county,22,36536
AL,mobile county,19.6,42943
AL,monroe county,25.3,34733
AL,montgomery county,22.5,43054
AL,morgan county,15,45082
AL,perry county,46.9,27403
AL,pickens county,25,31933
AL,pike county,26.4,31844
AL,randolph county,20.4,36939
AL,russell county,20.9,35585
AL,st. clair county,14.3,50571
AL,shelby county,9.6,69432
AL,sumter county,38.1,25413
AL,talladega county,22.5,39999
AL,tallapoosa county,21.3,36779
AL,tuscaloosa county,18,46892
AL,walker county,23.5,37245
AL,washington county,18.5,41321
AL,wilcox county,33.7,24035
AL,winston county,20.1,35528
AK,alaska,11.4,70898
AK,aleutians east borough,16.2,55462
AK,aleutians west census area,9.9,68387
AK,anchorage borough,10,75200
AK,bethel census area,23.8,45808
AK,bristol bay borough,9.5,75364
AK,denali borough,7.1,69692
AK,dillingham census area,17.5,51082
AK,fairbanks north star borough,9.5,67801
AK,haines borough,9.8,67260
AK,hoonah-angoon census area,19.1,51687
AK,juneau borough,7.9,80835
AK,kenai peninsula borough,11.5,62532
AK,ketchikan gateway borough,12.4,57776
AK,kodiak island borough,8.3,67972
AK,lake and peninsula borough,17.7,45570
AK,matanuska-susitna borough,10.7,73981
AK,nome census area,26.1,47160
AK,north slope borough,11.5,75682
AK,northwest arctic borough,23.2,65192
AK,petersburg borough,8.8,56655
AK,prince of wales-hyder census area,17.4,43245
AK,sitka borough,8.6,65765
AK,skagway municipality,3.6,69170
AK,southeast fairbanks census area,13.8,59641
AK,valdez-cordova census area,9.9,73998
AK,wade hampton census area,35.7,30877
AK,wrangell city and borough,11.9,52201
AK,yakutat borough,14.8,52595
AK,yukon-koyukuk census area,25.7,36708
AZ,arizona,18.2,50036
AZ,apache county,33.1,32366
AZ,cochise county,18.7,45025
AZ,coconino county,21.3,48653
AZ,gila county,24.4,37677
AZ,graham county,20,46046
AZ,greenlee county,10.3,59416
AZ,la paz county,22.8,32533
AZ,maricopa county,17.1,53929
AZ,mohave county,20.8,37704
AZ,navajo county,28.5,35457
AZ,pima county,18.7,45871
AZ,pinal county,17.6,49876
AZ,santa cruz county,23.6,37465
AZ,yavapai county,15.6,44145
AZ,yuma county,22.6,39700
AR,arkansas,18.7,41335
AR,arkansas county,20.4,36409
AR,ashley county,22.7,36176
AR,baxter county,14.9,37873
AR,benton county,11.9,57408
AR,boone county,16.9,39779
AR,bradley county,27.4,32734
AR,calhoun county,18,39493
AR,carroll county,17.9,36964
AR,chicot county,32.1,29541
AR,clark county,21.5,38504
AR,clay county,19.9,33826
AR,cleburne county,15.2,40555
AR,cleveland county,16.6,43201
AR,columbia county,24.1,37495
AR,conway county,18.3,42348
AR,craighead county,22.3,42851
AR,crawford county,16.6,43466
AR,crittenden county,27.3,35455
AR,cross county,22.3,38597
AR,dallas county,21,34018
AR,desha county,27.3,33028
AR,drew county,24,36801
AR,faulkner county,14.7,51436
AR,franklin county,17.5,40404
AR,fulton county,22.6,33347
AR,garland county,18.7,40621
AR,grant county,13.3,46067
AR,greene county,16.3,42572
AR,hempstead county,24.4,33136
AR,hot spring county,18.7,37831
AR,howard county,18.8,37336
AR,independence county,18.6,41085
AR,izard county,22,32744
AR,jackson county,25.1,32427
AR,jefferson county,26.8,35927
AR,johnson county,19.7,34923
AR,lafayette county,27.5,32225
AR,lawrence county,23,34916
AR,lee county,39.3,28006
AR,lincoln county,29,37644
AR,little river county,18.2,37691
AR,logan county,21.1,36391
AR,lonoke county,12.3,54459
AR,madison county,18,39158
AR,marion county,20.3,33181
AR,miller county,20.8,40877
AR,mississippi county,27.1,33577
AR,monroe county,28.1,30682
AR,montgomery county,20.1,34597
AR,nevada county,25.1,30935
AR,newton county,20.1,35895
AR,ouachita county,23,34971
AR,perry county,17.3,40556
AR,phillips county,35.3,28171
AR,pike county,20,36893
AR,poinsett county,21.9,35851
AR,polk county,22,33127
AR,pope county,18.3,39909
AR,prairie county,18.7,39896
AR,pulaski county,16.1,45698
AR,randolph county,18.3,37761
AR,st. francis county,33.4,30489
AR,saline county,8.7,55915
AR,scott county,23.7,33202
AR,searcy county,23.3,31765
AR,sebastian county,22.1,39907
AR,sevier county,20.4,37014
AR,sharp county,21.6,32101
AR,stone county,24.4,30010
AR,union county,23.1,40841
AR,van buren county,22,32975
AR,washington county,19.3,45589
AR,white county,19.4,42044
AR,woodruff county,25.1,29969
AR,yell county,17.4,37080
CA,california,16.4,61927
CA,alameda county,12.5,76996
CA,alpine county,19,53003
CA,amador county,12.9,54610
CA,butte county,21.9,42302
CA,calaveras county,13.7,53321
CA,colusa county,14.3,48006
CA,contra costa county,10.5,80338
CA,del norte county,22.4,41419
CA,el dorado county,11.4,70235
CA,fresno county,27.5,43338
CA,glenn county,17.1,43755
CA,humboldt county,21,40581
CA,imperial county,23.6,38737
CA,inyo county,14,49267
CA,kern county,24.5,47451
CA,kings county,24.9,44490
CA,lake county,24.3,36333
CA,lassen county,19.4,49995
CA,los angeles county,18.7,55686
CA,madera county,22.3,43171
CA,marin county,8.8,94549
CA,mariposa county,16.2,47781
CA,mendocino county,18.8,42840
CA,merced county,24.8,43818
CA,modoc county,20.2,39172
CA,mono county,11.3,59181
CA,monterey county,17,57428
CA,napa county,9,71063
CA,nevada county,11.4,57118
CA,orange county,12.9,76061
CA,placer county,8.3,75689
CA,plumas county,14,47964
CA,riverside county,17.1,56877
CA,sacramento county,18.1,55803
CA,san benito county,14.1,68166
CA,san bernardino county,20.4,51951
CA,san diego county,14.7,66034
CA,san francisco county,12.1,83788
CA,san joaquin county,20.7,51527
CA,san luis obispo county,14.5,61775
CA,san mateo county,7.5,100806
CA,santa barbara county,17.4,62116
CA,santa clara county,8.5,97219
CA,santa cruz county,16.1,64257
CA,shasta county,14.7,43661
CA,sierra county,13.8,47293
CA,siskiyou county,21.1,38641
CA,solano county,12.3,67106
CA,sonoma county,11.3,66949
CA,stanislaus county,18.1,50917
CA,sutter county,15.2,51827
CA,tehama county,18.2,40782
CA,trinity county,19.9,34961
CA,tulare county,28.1,42360
CA,tuolumne county,14.3,49476
CA,ventura county,11.5,74967
CA,yolo county,19.5,54509
CA,yuba county,21.6,41403
CO,colorado,12.1,61324
CO,adams county,12.9,59316
CO,alamosa county,22.5,38140
CO,arapahoe county,11.2,65359
CO,archuleta county,14.7,44508
CO,baca county,20,36294
CO,bent county,32.3,35424
CO,boulder county,13.3,71546
CO,broomfield county,4,85885
CO,chaffee county,12.4,48840
CO,cheyenne county,13.4,52273
CO,clear creek county,8.5,69115
CO,conejos county,22.9,33998
CO,costilla county,28.5,27882
CO,crowley county,40.5,32570
CO,custer county,14.9,48368
CO,delta county,15.6,45283
CO,denver county,15.9,54872
CO,dolores county,15.4,44235
CO,douglas county,3.7,107250
CO,eagle county,7.8,76661
CO,elbert county,5.9,83603
CO,el paso county,12.2,59286
CO,fremont county,19.1,41385
CO,garfield county,10.2,62529
CO,gilpin county,7.9,64752
CO,grand county,10.4,59379
CO,gunnison county,14.9,48940
CO,hinsdale county,10.1,51241
CO,huerfano county,22,32750
CO,jackson county,16.6,45073
CO,jefferson county,8.3,70687
CO,kiowa county,13.5,42310
CO,kit carson county,14.9,46394
CO,lake county,16,46765
CO,la plata county,10.7,60658
CO,larimer county,12.8,57659
CO,las animas county,17.4,39625
CO,lincoln county,18.3,41248
CO,logan county,17.7,45439
CO,mesa county,15.4,50106
CO,mineral county,8.9,51257
CO,moffat county,11.2,56193
CO,montezuma county,16.3,44163
CO,montrose county,15.5,46336
CO,morgan county,13.4,47631
CO,otero county,26,33043
CO,ouray county,9.6,57242
CO,park county,9.4,58487
CO,phillips county,11.5,47006
CO,pitkin county,7,73274
CO,prowers county,20.9,39184
CO,pueblo county,19,41382
CO,rio blanco county,10.9,63184
CO,rio grande county,18.3,40593
CO,routt county,8.4,66846
CO,saguache county,29.9,31227
CO,san juan county,15.5,40006
CO,san miguel county,9.9,59603
CO,sedgwick county,13.9,44562
CO,summit county,9.7,68352
CO,teller county,9.5,62380
CO,washington county,11.4,45784
CO,weld county,10.5,61501
CO,yuma county,14,46838
CT,connecticut,10.8,70007
CT,fairfield county,9,85336
CT,hartford county,12.2,65809
CT,litchfield county,7.7,73413
CT,middlesex county,7.9,76365
CT,new haven county,13,60387
CT,new london county,11.1,65813
CT,tolland county,7.5,78653
CT,windham county,10.3,57547
DE,delaware,13,59853
DE,kent county,14.1,54271
DE,new castle county,12.3,64632
DE,sussex county,13.9,53316
DC,district of columbia,18.4,69992
DC,district of columbia,18.4,69992
FL,florida,16.6,47439
FL,alachua county,21.6,44325
FL,baker county,19.6,47121
FL,bay county,15.6,44800
FL,bradford county,22.6,39980
FL,brevard county,14.5,47973
FL,broward county,14.5,51485
FL,calhoun county,22.3,35256
FL,charlotte county,11.9,43242
FL,citrus county,20.1,36383
FL,clay county,10.9,58539
FL,collier county,14.3,58403
FL,columbia county,21.7,38484
FL,desoto county,29.7,36945
FL,dixie county,27.1,32121
FL,duval county,18.2,46013
FL,escambia county,15.3,46139
FL,flagler county,11.6,51556
FL,franklin county,25.3,36788
FL,gadsden county,25.6,35849
FL,gilchrist county,19.8,40788
FL,glades county,21.1,38783
FL,gulf county,23.1,38419
FL,hamilton county,31.7,31734
FL,hardee county,29.9,35371
FL,hendry county,25.3,38494
FL,hernando county,15.3,40094
FL,highlands county,19.5,35787
FL,hillsborough county,16.8,50758
FL,holmes county,26.7,35651
FL,indian river county,14.7,47548
FL,jackson county,24.3,36876
FL,jefferson county,18,40205
FL,lafayette county,25.6,38071
FL,lake county,13.8,46895
FL,lee county,16,49147
FL,leon county,23.3,45463
FL,levy county,21.2,37433
FL,liberty county,24.7,38473
FL,madison county,27.7,33017
FL,manatee county,14.1,51673
FL,marion county,17.8,39860
FL,martin county,12.1,55472
FL,miami-dade county,20.4,42754
FL,monroe county,14,57411
FL,nassau county,11.7,56728
FL,okaloosa county,12.4,55952
FL,okeechobee county,25.9,37065
FL,orange county,18.2,47069
FL,osceola county,19.3,42945
FL,palm beach county,14.9,52225
FL,pasco county,14.7,45219
FL,pinellas county,15.2,45162
FL,polk county,18.1,42768
FL,putnam county,28.5,32054
FL,st. johns county,8.2,66560
FL,st. lucie county,17.3,42722
FL,santa rosa county,11.2,58587
FL,sarasota county,10.8,52109
FL,seminole county,11.8,56443
FL,sumter county,10.9,51907
FL,suwannee county,23.7,38177
FL,taylor county,23.4,36374
FL,union county,24.3,40207
FL,volusia county,17.7,40881
FL,wakulla county,15.1,51642
FL,walton county,15.8,46867
FL,washington county,20,36482
GA,georgia,18.4,49240
GA,appling county,24.9,36642
GA,atkinson county,26.5,31740
GA,bacon county,25.9,34201
GA,baker county,27.3,43115
GA,baldwin county,29.5,37008
GA,banks county,16.9,46018
GA,barrow county,13,49698
GA,bartow county,14.3,51440
GA,ben hill county,28.5,31081
GA,berrien county,26.7,35078
GA,bibb county,28.2,36014
GA,bleckley county,23.2,40454
GA,brantley county,21.7,36865
GA,brooks county,28.8,32903
GA,bryan county,11.9,66556
GA,bulloch county,31.4,36315
GA,burke county,31.1,35055
GA,butts county,21.3,41505
GA,calhoun county,38.5,30760
GA,camden county,12,51793
GA,candler county,29.1,31829
GA,carroll county,22.9,43442
GA,catoosa county,12.6,50728
GA,charlton county,29.5,34312
GA,chatham county,17.9,50154
GA,chattahoochee county,18.8,45933
GA,chattooga county,21.1,34830
GA,cherokee county,9.3,71168
GA,clarke county,37.8,31487
GA,clay county,37.3,27512
GA,clayton county,22.9,42985
GA,clinch county,28.5,31577
GA,cobb county,13,66970
GA,coffee county,28.1,33125
GA,colquitt county,26.5,33509
GA,columbia county,9.5,68067
GA,cook county,26.1,32408
GA,coweta county,12.5,60809
GA,crawford county,19.9,43111
GA,crisp county,32.5,31176
GA,dade county,16.4,42953
GA,dawson county,11.8,57491
GA,decatur county,27.7,33968
GA,dekalb county,20.4,50597
GA,dodge county,25.9,32293
GA,dooly county,30.4,31103
GA,dougherty county,31.7,32150
GA,douglas county,14.2,54581
GA,early county,29.9,34906
GA,echols county,27.1,34444
GA,effingham county,11,61195
GA,elbert county,21.4,35351
GA,emanuel county,32.7,30119
GA,evans county,26.6,33293
GA,fannin county,19.6,37813
GA,fayette county,6.9,79069
GA,floyd county,21.1,41814
GA,forsyth county,6.3,86413
GA,franklin county,24.4,38055
GA,fulton county,17.4,55516
GA,gilmer county,19.7,40010
GA,glascock county,19.4,39643
GA,glynn county,19.3,46737
GA,gordon county,17.8,43880
GA,grady county,26.2,35237
GA,greene county,24.4,42823
GA,gwinnett county,13.4,59858
GA,habersham county,15.3,40994
GA,hall county,16.8,52238
GA,hancock county,35.3,26309
GA,haralson county,18.8,40387
GA,harris county,9.5,66249
GA,hart county,21.4,38564
GA,heard county,19,41348
GA,henry county,13.7,60388
GA,houston county,17.2,53027
GA,irwin county,25.3,35955
GA,jackson county,13.5,51931
GA,jasper county,18.2,41818
GA,jeff davis county,24.8,35235
GA,jefferson county,26.4,30835
GA,jenkins county,34.6,30678
GA,johnson county,30.4,29818
GA,jones county,14.5,51749
GA,lamar county,21.3,40339
GA,lanier county,23.9,37113
GA,laurens county,25.4,35807
GA,lee county,11.8,64533
GA,liberty county,17.2,41682
GA,lincoln county,17.9,39484
GA,long county,21.9,43193
GA,lowndes county,24.5,38887
GA,lumpkin county,18.6,44653
GA,mcduffie county,27.6,37413
GA,mcintosh county,23.3,37603
GA,macon county,34.1,29430
GA,madison county,19.7,45557
GA,marion county,25.9,36055
GA,meriwether county,23.6,37243
GA,miller county,25.1,35276
GA,mitchell county,32.6,32711
GA,monroe county,14.8,53542
GA,montgomery county,22.4,36436
GA,morgan county,15,50295
GA,murray county,18.7,40976
GA,muscogee county,21.9,41783
GA,newton county,19.4,48058
GA,oconee county,7.9,80631
GA,oglethorpe county,15.8,46840
GA,paulding county,10.7,63964
GA,peach county,21.7,40550
GA,pickens county,12.3,51047
GA,pierce county,18.9,40526
GA,pike county,13.7,50395
GA,polk county,20.6,38847
GA,pulaski county,23.9,36128
GA,putnam county,18.9,42125
GA,quitman county,29.5,29477
GA,rabun county,20.6,38449
GA,randolph county,36.3,25807
GA,richmond county,26,36012
GA,rockdale county,17.3,48287
GA,schley county,20.1,39601
GA,screven county,26.2,34012
GA,seminole county,26.4,37672
GA,spalding county,27.4,35555
GA,stephens county,20.9,36870
GA,stewart county,39.4,27635
GA,sumter county,33.9,34017
GA,talbot county,23.8,33370
GA,taliaferro county,32.3,28716
GA,tattnall county,28.2,34010
GA,taylor county,25.4,32815
GA,telfair county,33.7,29244
GA,terrell county,29.8,34604
GA,thomas county,24.5,36973
GA,tift county,28.6,36303
GA,toombs county,24.5,34008
GA,towns county,18.1,39453
GA,treutlen county,27.1,32536
GA,troup county,19.5,41141
GA,turner county,31.7,32171
GA,twiggs county,28.1,36886
GA,union county,15.1,40667
GA,upson county,25.9,34867
GA,walker county,20,39078
GA,walton county,15.6,52082
GA,ware county,28.8,34288
GA,warren county,28.9,31623
GA,washington county,30.2,36137
GA,wayne county,25.5,41093
GA,webster county,22.8,33893
GA,wheeler county,38.9,30264
GA,white county,16.9,42126
GA,whitfield county,20.7,43731
GA,wilcox county,30.7,32722
GA,wilkes county,26.7,32042
GA,wilkinson county,23.2,34512
GA,worth county,22.6,40382
HI,hawaii,11.5,69549
HI,hawaii county,18.1,51887
HI,honolulu county,9.8,73985
HI,kalawao county,0,0
HI,kauai county,12.3,58883
HI,maui county,13.1,64916
ID,idaho,14.8,47572
ID,ada county,11.6,57908
ID,adams county,14.9,40777
ID,bannock county,17.4,44324
ID,bear lake county,13.4,45504
ID,benewah county,15.7,46277
ID,bingham county,15,47292
ID,blaine county,10.6,63490
ID,boise county,15.6,50874
ID,bonner county,16.2,45193
ID,bonneville county,15.5,51440
ID,boundary county,16.7,42720
ID,butte county,14.8,42907
ID,camas county,12.8,49569
ID,canyon county,18,43489
ID,caribou county,11.5,55770
ID,cassia county,15.6,45078
ID,clark county,17.3,45979
ID,clearwater county,16.6,41304
ID,custer county,15.7,42704
ID,elmore county,14.4,45049
ID,franklin county,10.8,50545
ID,fremont county,15.1,45578
ID,gem county,15.9,41688
ID,gooding county,17.1,44669
ID,idaho county,16.3,39551
ID,jefferson county,11.5,52428
ID,jerome county,15.7,46513
ID,kootenai county,12.9,49061
ID,latah county,19.9,43482
ID,lemhi county,18.2,37869
ID,lewis county,13.7,39918
ID,lincoln county,14.1,44046
ID,madison county,27.1,36065
ID,minidoka county,16.8,46332
ID,nez perce county,14.6,46214
ID,oneida county,13.9,46503
ID,owyhee county,23.6,38478
ID,payette county,14.2,45533
ID,power county,15.7,48048
ID,shoshone county,18.9,36577
ID,teton county,11.6,57644
ID,twin falls county,14.5,44236
ID,valley county,11.7,49380
ID,washington county,17.8,35955
IL,illinois,14.3,57458
IL,adams county,14.2,46061
IL,alexander county,35.6,30699
IL,bond county,16.2,49886
IL,boone county,10.2,58792
IL,brown county,14.2,50225
IL,bureau county,13.1,52138
IL,calhoun county,12.1,49689
IL,carroll county,12.6,50750
IL,cass county,13.2,46289
IL,champaign county,22.6,47966
IL,christian county,14.4,46870
IL,clark county,13.9,50645
IL,clay county,13.6,45709
IL,clinton county,9.9,60556
IL,coles county,22.9,41319
IL,cook county,17.1,55058
IL,crawford county,15.2,45889
IL,cumberland county,12.2,49567
IL,dekalb county,14.7,56536
IL,de witt county,10.9,55193
IL,douglas county,10,52526
IL,dupage county,7.9,80037
IL,edgar county,15.1,45485
IL,edwards county,11.6,46894
IL,effingham county,11.8,52578
IL,fayette county,17.5,41268
IL,ford county,12.1,50877
IL,franklin county,19.9,37758
IL,fulton county,16.5,44435
IL,gallatin county,17.5,41045
IL,greene county,16.2,39738
IL,grundy county,8.5,70092
IL,hamilton county,14,49790
IL,hancock county,11.6,48767
IL,hardin county,20.6,37331
IL,henderson county,11.7,50999
IL,henry county,11.3,51025
IL,iroquois county,15.8,46895
IL,jackson county,30.4,34395
IL,jasper county,11,52919
IL,jefferson county,19.5,43073
IL,jersey county,11.6,52493
IL,jo daviess county,10.7,51282
IL,johnson county,15.9,45773
IL,kane county,10.7,72131
IL,kankakee county,14.7,56326
IL,kendall county,5.4,90640
IL,knox county,19.3,38992
IL,lake county,9.5,78001
IL,la salle county,13.6,51205
IL,lawrence county,18.1,41759
IL,lee county,10.9,54472
IL,livingston county,11.9,53918
IL,logan county,12.6,54353
IL,mcdonough county,23.6,42684
IL,mchenry county,6.9,76856
IL,mclean county,14.3,60460
IL,macon county,16.3,47575
IL,macoupin county,12.9,48544
IL,madison county,13.1,54375
IL,marion county,18.6,44289
IL,marshall county,10.7,53732
IL,mason county,14.8,46878
IL,massac county,20.7,40590
IL,menard county,10.1,61388
IL,mercer county,9.6,54916
IL,monroe county,5.1,73684
IL,montgomery county,17,45288
IL,morgan county,15.1,46406
IL,moultrie county,11.8,52790
IL,ogle county,11.4,57126
IL,peoria county,16.7,52448
IL,perry county,16.7,42032
IL,piatt county,7.4,65971
IL,pike county,15.2,39005
IL,pope county,19.7,40722
IL,pulaski county,23,33943
IL,putnam county,8.9,62024
IL,randolph county,13.8,47862
IL,richland county,14.6,43396
IL,rock island county,16.3,48024
IL,st. clair county,19.1,50155
IL,saline county,21,38329
IL,sangamon county,15.3,55371
IL,schuyler county,13.2,47092
IL,scott county,12,51584
IL,shelby county,11.7,48994
IL,stark county,11.9,50219
IL,stephenson county,14.1,48569
IL,tazewell county,9.1,60490
IL,union county,17.9,40957
IL,vermilion county,19,42036
IL,wabash county,14.8,49385
IL,warren county,13.5,44180
IL,washington county,10.2,54683
IL,wayne county,14.9,46839
IL,white county,14.1,46927
IL,whiteside county,12.2,49895
IL,will county,8.1,75176
IL,williamson county,15.8,46322
IL,winnebago county,16.9,47708
IL,woodford county,6.3,70127
IN,indiana,15.2,49384
IN,adams county,15.4,50172
IN,allen county,15.2,48651
IN,bartholomew county,11.8,54101
IN,benton county,12.8,46196
IN,blackford county,15,39563
IN,boone county,7.2,68352
IN,brown county,12.9,52582
IN,carroll county,10.9,55318
IN,cass county,13.8,44430
IN,clark county,10.6,52050
IN,clay county,14.5,44385
IN,clinton county,12.6,49945
IN,crawford county,18,40657
IN,daviess county,13.8,47670
IN,dearborn county,11.7,59280
IN,decatur county,13.1,50258
IN,de kalb county,10.1,51911
IN,delaware county,22.2,39449
IN,dubois county,8,53211
IN,elkhart county,13.9,50192
IN,fayette county,16.4,40122
IN,floyd county,11.6,53186
IN,fountain county,14.6,45168
IN,franklin county,11.1,54086
IN,fulton county,13,44762
IN,gibson county,11.8,46466
IN,grant county,20,40234
IN,greene county,15.5,41077
IN,hamilton county,4.9,89861
IN,hancock county,6.9,68334
IN,harrison county,10,56787
IN,hendricks county,6.4,70358
IN,henry county,15.5,41955
IN,howard county,16.8,47433
IN,huntington county,10.7,49832
IN,jackson county,14.9,48368
IN,jasper county,10.3,55190
IN,jay county,19.9,38663
IN,jefferson county,16.2,45964
IN,jennings county,17.5,43783
IN,johnson county,10.2,58833
IN,knox county,17.4,44077
IN,kosciusko county,12,54068
IN,lagrange county,10.9,52003
IN,lake county,17.6,50774
IN,la porte county,17.9,46243
IN,lawrence county,12.5,45232
IN,madison county,16.7,44730
IN,marion county,21.3,42700
IN,marshall county,10.9,52508
IN,martin county,13.5,48381
IN,miami county,17.1,41065
IN,monroe county,24,43841
IN,montgomery county,12.3,46945
IN,morgan county,11.5,54849
IN,newton county,11.5,51285
IN,noble county,11.1,50997
IN,ohio county,11.1,51403
IN,orange county,18,39572
IN,owen county,15.4,46001
IN,parke county,17.5,42056
IN,perry county,15.5,44623
IN,pike county,11.3,47217
IN,porter county,10,63030
IN,posey county,10.7,59975
IN,pulaski county,14.2,43770
IN,putnam county,13.5,49467
IN,randolph county,16.1,41577
IN,ripley county,10.7,52491
IN,rush county,14.4,47418
IN,st. joseph county,17.2,46388
IN,scott county,17.6,41649
IN,shelby county,11.8,54831
IN,spencer county,9.3,54468
IN,starke county,15.5,43740
IN,steuben county,12.8,50078
IN,sullivan county,16.9,43933
IN,switzerland county,17.4,47606
IN,tippecanoe county,22.1,46276
IN,tipton county,9.5,55008
IN,union county,13.8,47410
IN,vanderburgh county,17.7,42622
IN,vermillion county,13.9,44388
IN,vigo county,20.2,41260
IN,wabash county,15.2,45151
IN,warren county,9.9,55925
IN,warrick county,8.2,65793
IN,washington county,16.2,43573
IN,wayne county,17.8,40929
IN,wells county,10.7,51182
IN,white county,11.2,50731
IN,whitley county,9.4,59266
IA,iowa,12.3,53816
IA,adair county,10.3,48216
IA,adams county,12.2,51929
IA,allamakee county,12.4,45229
IA,appanoose county,17.5,40422
IA,audubon county,11.1,50014
IA,benton county,8.8,61931
IA,black hawk county,14.5,51331
IA,boone county,10.4,54186
IA,bremer county,7.6,62438
IA,buchanan county,10.7,55781
IA,buena vista county,12.4,50719
IA,butler county,9.9,52273
IA,calhoun county,13.7,49456
IA,carroll county,9.9,52367
IA,cass county,13.1,46159
IA,cedar county,7.9,61423
IA,cerro gordo county,12,49569
IA,cherokee county,9.6,52894
IA,chickasaw county,9.8,50788
IA,clarke county,14.4,45413
IA,clay county,11.5,51514
IA,clayton county,10.8,49018
IA,clinton county,12.9,48528
IA,crawford county,11.6,50370
IA,dallas county,6.2,79173
IA,davis county,15.4,46750
IA,decatur county,21.3,36742
IA,delaware county,8.9,55958
IA,des moines county,15.7,45292
IA,dickinson county,7.4,56551
IA,dubuque county,11.5,55320
IA,emmet county,11.3,47342
IA,fayette county,14.4,45522
IA,floyd county,12.7,48292
IA,franklin county,12.1,51045
IA,fremont county,11.7,54154
IA,greene county,13.2,49125
IA,grundy county,6.7,61215
IA,guthrie county,12.4,49507
IA,hamilton county,9.4,53691
IA,hancock county,8.4,57682
IA,hardin county,11.7,53277
IA,harrison county,11,52824
IA,henry county,13.3,50347
IA,howard county,12.1,49837
IA,humboldt county,10.1,49696
IA,ida county,10.9,53905
IA,iowa county,7.5,58234
IA,jackson county,11.3,50299
IA,jasper county,11.2,52750
IA,jefferson county,16.9,41094
IA,johnson county,15.9,59946
IA,jones county,11.6,51558
IA,keokuk county,13.5,48316
IA,kossuth county,9.6,52967
IA,lee county,17.7,44719
IA,linn county,9.3,62700
IA,louisa county,11.1,50924
IA,lucas county,16,42582
IA,lyon county,7.9,61750
IA,madison county,8.8,62230
IA,mahaska county,12.9,48584
IA,marion county,11.1,57046
IA,marshall county,13,50244
IA,mills county,9.7,59399
IA,mitchell county,11.5,52616
IA,monona county,14.3,43178
IA,monroe county,11.7,44705
IA,montgomery county,19.3,42046
IA,muscatine county,11.4,54441
IA,o'brien county,10.3,55968
IA,osceola county,9.1,51423
IA,page county,14.6,46927
IA,palo alto county,11.5,50600
IA,plymouth county,7.6,62745
IA,pocahontas county,12.9,49625
IA,polk county,13.1,61028
IA,pottawattamie county,12.3,51947
IA,poweshiek county,12.1,52791
IA,ringgold county,16.6,42854
IA,sac county,10.8,49513
IA,scott county,12.2,54959
IA,shelby county,9.6,55637
IA,sioux county,7.5,60205
IA,story county,19.5,52128
IA,tama county,12.9,54957
IA,taylor county,13.1,46501
IA,union county,12.8,44905
IA,van buren county,14.4,42555
IA,wapello county,16.7,42414
IA,warren county,6.3,67342
IA,washington county,10.2,56243
IA,wayne county,16.7,42006
IA,webster county,16.3,43490
IA,winnebago county,10.4,50703
IA,winneshiek county,9.4,55984
IA,woodbury county,15.2,45641
IA,worth county,11,50286
IA,wright county,12,50108
KS,kansas,13.5,52392
KS,allen county,18.2,39196
KS,anderson county,14.3,45368
KS,atchison county,17.4,44199
KS,barber county,12.4,51676
KS,barton county,17.8,46942
KS,bourbon county,18.4,38430
KS,brown county,17.3,45781
KS,butler county,11.3,60123
KS,chase county,13.2,47025
KS,chautauqua county,16.4,39120
KS,cherokee county,17.4,40686
KS,cheyenne county,11.5,41797
KS,clark county,13,47650
KS,clay county,10.9,53131
KS,cloud county,14,42697
KS,coffey county,10.9,55705
KS,comanche county,11.4,45353
KS,cowley county,15,45180
KS,crawford county,20.8,38491
KS,decatur county,13.9,41434
KS,dickinson county,11.1,47493
KS,doniphan county,15,47599
KS,douglas county,19.4,49246
KS,edwards county,10.5,49256
KS,elk county,17.4,36471
KS,ellis county,13,49508
KS,ellsworth county,12.4,46961
KS,finney county,18.8,48609
KS,ford county,15,51144
KS,franklin county,13.3,50745
KS,geary county,13.9,41193
KS,gove county,10.4,50886
KS,graham county,12,45341
KS,grant county,10.9,60279
KS,gray county,8.3,58543
KS,greeley county,10.8,52795
KS,greenwood county,16.9,39732
KS,hamilton county,12.8,47709
KS,harper county,12.9,50525
KS,harvey county,12.8,55074
KS,haskell county,10.7,59596
KS,hodgeman county,8.8,52394
KS,jackson county,10.3,53796
KS,jefferson county,9.4,56927
KS,jewell county,13.5,44101
KS,johnson county,6.6,76104
KS,kearny county,12.2,53484
KS,kingman county,11.2,53378
KS,kiowa county,12.8,46318
KS,labette county,18.3,40822
KS,lane county,10.9,53739
KS,leavenworth county,10.9,65549
KS,lincoln county,12.7,44896
KS,linn county,14.8,44520
KS,logan county,9.7,49852
KS,lyon county,18,43038
KS,mcpherson county,8.8,57878
KS,marion county,11.9,47723
KS,marshall county,11.1,47901
KS,meade county,11.7,53903
KS,miami county,9.5,63924
KS,mitchell county,11.2,48645
KS,montgomery county,18,42221
KS,morris county,12.5,44774
KS,morton county,11.1,55378
KS,nemaha county,9.9,54149
KS,neosho county,17.7,41527
KS,ness county,10,51923
KS,norton county,13.5,44846
KS,osage county,12.9,52749
KS,osborne county,12.9,38848
KS,ottawa county,10.4,52744
KS,pawnee county,13.9,47351
KS,phillips county,11.4,45856
KS,pottawatomie county,10,65373
KS,pratt county,10.3,54701
KS,rawlins county,11.8,44932
KS,reno county,15.8,46533
KS,republic county,12.7,42381
KS,rice county,14.7,49152
KS,riley county,20.2,46468
KS,rooks county,12,48383
KS,rush county,12.1,43083
KS,russell county,13.3,45443
KS,saline county,13,48460
KS,scott county,8.3,56032
KS,sedgwick county,14.7,51175
KS,seward county,15.7,47381
KS,shawnee county,15,52795
KS,sheridan county,10.9,52300
KS,sherman county,16.2,43100
KS,smith county,13.5,41303
KS,stafford county,14.1,45945
KS,stanton county,11.5,56591
KS,stevens county,9.7,59773
KS,sumner county,13.3,52476
KS,thomas county,11.3,50639
KS,trego county,9.9,46859
KS,wabaunsee county,9.6,59160
KS,wallace county,12,49109
KS,washington county,10.8,43264
KS,wichita county,11.5,53447
KS,wilson county,16.7,39764
KS,woodson county,18.4,35502
KS,wyandotte county,24.4,37087
KY,kentucky,19,42914
KY,adair county,26.3,31558
KY,allen county,19,39801
KY,anderson county,11.3,54331
KY,ballard county,16.8,44732
KY,barren county,19.5,37666
KY,bath county,22.7,34126
KY,bell county,33.5,24868
KY,boone county,8,66939
KY,bourbon county,19.2,42812
KY,boyd county,23.1,40224
KY,boyle county,17.5,41538
KY,bracken county,18.6,41910
KY,breathitt county,33,28647
KY,breckinridge county,19.2,41547
KY,bullitt county,12.3,54924
KY,butler county,20.6,35219
KY,caldwell county,18.2,42640
KY,calloway county,20.2,37705
KY,campbell county,13.2,52349
KY,carlisle county,17,40701
KY,carroll county,20.4,43615
KY,carter county,23.9,34991
KY,casey county,30.6,29344
KY,christian county,21.6,36736
KY,clark county,16,49012
KY,clay county,38.2,25215
KY,clinton county,25.7,28341
KY,crittenden county,20.3,38338
KY,cumberland county,27.8,29067
KY,daviess county,15,43390
KY,edmonson county,19.9,38544
KY,elliott county,32.4,30556
KY,estill county,29.8,30333
KY,fayette county,19.8,48552
KY,fleming county,19.3,35878
KY,floyd county,31.1,30127
KY,franklin county,12.9,49400
KY,fulton county,31.2,30671
KY,gallatin county,16.7,45483
KY,garrard county,18,43647
KY,grant county,16.9,46226
KY,graves county,17.7,39247
KY,grayson county,21.7,35726
KY,green county,21.5,33640
KY,greenup county,16.4,42452
KY,hancock county,13.8,50358
KY,hardin county,14.3,50407
KY,harlan county,34.2,26351
KY,harrison county,18.5,41406
KY,hart county,23,38038
KY,henderson county,18.1,43040
KY,henry county,18.3,43799
KY,hickman county,18.4,41588
KY,hopkins county,16.9,42477
KY,jackson county,26.8,29090
KY,jefferson county,16.8,48264
KY,jessamine county,14.7,51227
KY,johnson county,25.6,34271
KY,kenton county,15.5,54728
KY,knott county,33.7,27709
KY,knox county,34.9,26048
KY,larue county,18,40312
KY,laurel county,24.7,34678
KY,lawrence county,25.9,32835
KY,lee county,35,25473
KY,leslie county,33,27777
KY,letcher county,30.1,28574
KY,lewis county,34.4,30217
KY,lincoln county,27.6,35368
KY,livingston county,14.1,42892
KY,logan county,16.9,41150
KY,lyon county,15.4,43067
KY,mccracken county,17.5,41216
KY,mccreary county,47,24265
KY,mclean county,16.9,42288
KY,madison county,19.7,44358
KY,magoffin county,30.2,29421
KY,marion county,21.8,39089
KY,marshall county,13.1,45596
KY,martin county,40.6,27484
KY,mason county,18.6,40260
KY,meade county,12.6,52377
KY,menifee county,27.1,30828
KY,mercer county,17.6,43945
KY,metcalfe county,25.2,30460
KY,monroe county,26.2,30172
KY,montgomery county,20.8,41139
KY,morgan county,30.4,30872
KY,muhlenberg county,21.6,38916
KY,nelson county,12.7,54540
KY,nicholas county,19.4,37061
KY,ohio county,19.7,38261
KY,oldham county,5.5,92097
KY,owen county,17.4,43626
KY,owsley county,45.1,23047
KY,pendleton county,15.6,47023
KY,perry county,27.5,31265
KY,pike county,27.4,32666
KY,powell county,26.7,32783
KY,pulaski county,26,32767
KY,robertson county,23,37281
KY,rockcastle county,24.1,33789
KY,rowan county,23.4,37287
KY,russell county,26.3,33623
KY,scott county,10.9,61989
KY,shelby county,12.8,57447
KY,simpson county,15,45269
KY,spencer county,8.8,67437
KY,taylor county,26.7,34633
KY,todd county,19.3,40002
KY,trigg county,15.8,44676
KY,trimble county,16.2,46708
KY,union county,18.9,44119
KY,warren county,18.3,48925
KY,washington county,19.7,39983
KY,wayne county,26.2,30619
KY,webster county,17.3,43024
KY,whitley county,29.8,31086
KY,wolfe county,36.2,25768
KY,woodford county,11.2,57067
LA,louisiana,19.9,44680
LA,acadia parish,22,40269
LA,allen parish,22.5,36852
LA,ascension parish,13.7,67299
LA,assumption parish,17.8,46317
LA,avoyelles parish,25.5,34022
LA,beauregard parish,18.9,43918
LA,bienville parish,27.4,33134
LA,bossier parish,14.3,51138
LA,caddo parish,24.1,39812
LA,calcasieu parish,18.4,45979
LA,caldwell parish,23.3,36350
LA,cameron parish,12.2,59300
LA,catahoula parish,23.3,34116
LA,claiborne parish,28.2,35385
LA,concordia parish,30.9,31835
LA,de soto parish,23.5,40642
LA,east baton rouge parish,18.4,46831
LA,east carroll parish,43,25402
LA,east feliciana parish,20.4,41651
LA,evangeline parish,24.1,32615
LA,franklin parish,29,32318
LA,grant parish,22.8,40668
LA,iberia parish,19.4,45226
LA,iberville parish,19.9,47377
LA,jackson parish,24.6,37130
LA,jefferson parish,15.8,47024
LA,jefferson davis parish,21.7,37968
LA,lafayette parish,15.1,51340
LA,lafourche parish,17.6,47382
LA,la salle parish,18,44139
LA,lincoln parish,29.7,32889
LA,livingston parish,12.3,58818
LA,madison parish,41.4,26732
LA,morehouse parish,29.4,30636
LA,natchitoches parish,31.1,34522
LA,orleans parish,27.9,35468
LA,ouachita parish,23.6,40877
LA,plaquemines parish,16,51304
LA,pointe coupee parish,18.3,44469
LA,rapides parish,19.8,40406
LA,red river parish,25.3,33322
LA,richland parish,24.9,36666
LA,sabine parish,21.2,39561
LA,st. bernard parish,17.9,45615
LA,st. charles parish,12.1,60751
LA,st. helena parish,24,35004
LA,st. james parish,16.1,47477
LA,st. john the baptist parish,20.8,47225
LA,st. landry parish,30.1,32683
LA,st. martin parish,18,46713
LA,st. mary parish,21.8,42075
LA,st. tammany parish,11.2,63441
LA,tangipahoa parish,22.5,39927
LA,tensas parish,32,27522
LA,terrebonne parish,20.9,49044
LA,union parish,22,38998
LA,vermilion parish,18.3,45331
LA,vernon parish,13.9,46682
LA,washington parish,29.1,29749
LA,webster parish,22.2,36003
LA,west baton rouge parish,20.5,51550
LA,west carroll parish,22.5,33959
LA,west feliciana parish,24,53679
LA,winn parish,26.8,36644
ME,maine,14,49381
ME,androscoggin county,15.4,46701
ME,aroostook county,20.1,36066
ME,cumberland county,10.8,61436
ME,franklin county,15.8,41035
ME,hancock county,12.9,45807
ME,kennebec county,13.8,45556
ME,knox county,13.9,50002
ME,lincoln county,11.7,47905
ME,oxford county,16.1,40120
ME,penobscot county,18,42728
ME,piscataquis county,20.3,36994
ME,sagadahoc county,10.5,55630
ME,somerset county,17.3,39001
ME,waldo county,15,46598
ME,washington county,18.5,38057
ME,york county,11.2,55482
MD,maryland,10.4,73851
MD,allegany county,18.5,39808
MD,anne arundel county,6.7,86654
MD,baltimore county,9.8,67766
MD,calvert county,7.2,92446
MD,caroline county,16,49573
MD,carroll county,5.9,84500
MD,cecil county,10.6,62198
MD,charles county,7.2,86703
MD,dorchester county,17.5,42279
MD,frederick county,6.5,83698
MD,garrett county,12.4,47441
MD,harford county,8,79403
MD,howard county,6.1,106871
MD,kent county,13.8,53288
MD,montgomery county,7.2,97279
MD,prince george's county,10.3,71904
MD,queen anne's county,7.5,80650
MD,st. mary's county,8.6,84686
MD,somerset county,25.5,38376
MD,talbot county,11.7,54836
MD,washington county,13.8,54606
MD,wicomico county,16.9,51927
MD,worcester county,11.9,55691
MD,baltimore city,23.3,41895
MA,massachusetts,11.7,69200
MA,barnstable county,8.9,64150
MA,berkshire county,13,49890
MA,bristol county,12.4,57732
MA,dukes county,9,61259
MA,essex county,10.7,70074
MA,franklin county,12,53953
MA,hampden county,17.7,49072
MA,hampshire county,15,57737
MA,middlesex county,8.9,84026
MA,nantucket county,7.1,82596
MA,norfolk county,6.5,90039
MA,plymouth county,8.5,74576
MA,suffolk county,21.5,54280
MA,worcester county,11.5,65217
MI,michigan,16.2,49755
MI,alcona county,17.5,36377
MI,alger county,15.5,45308
MI,allegan county,11.4,54232
MI,alpena county,16.8,38121
MI,antrim county,13,45743
MI,arenac county,19.9,36460
MI,baraga county,15.8,41624
MI,barry county,10.2,57235
MI,bay county,16.8,46061
MI,benzie county,11.8,48846
MI,berrien county,17.7,44145
MI,branch county,15.2,46371
MI,calhoun county,15.4,45916
MI,cass county,14.8,48030
MI,charlevoix county,12.6,47991
MI,cheboygan county,16.1,41930
MI,chippewa county,19.9,38989
MI,clare county,24.5,34655
MI,clinton county,10,60650
MI,crawford county,16.5,41101
MI,delta county,14.8,43338
MI,dickinson county,14.4,45174
MI,eaton county,9.8,57088
MI,emmet county,11.6,50191
MI,genesee county,21.5,41787
MI,gladwin county,18.5,39721
MI,gogebic county,20.9,33600
MI,grand traverse county,9.7,55592
MI,gratiot county,18.5,43509
MI,hillsdale county,16.6,44780
MI,houghton county,18.7,39126
MI,huron county,14.1,41678
MI,ingham county,20.1,45840
MI,ionia county,15.2,48681
MI,iosco county,19,37122
MI,iron county,17.3,35961
MI,isabella county,28.3,42431
MI,jackson county,15.4,46670
MI,kalamazoo county,18.9,46283
MI,kalkaska county,17.4,40709
MI,kent county,15.3,53342
MI,keweenaw county,12.7,40411
MI,lake county,29.2,30990
MI,lapeer county,11.1,51510
MI,leelanau county,8.9,60622
MI,lenawee county,14.5,48194
MI,livingston county,6.1,74341
MI,luce county,20.6,37590
MI,mackinac county,15.4,39359
MI,macomb county,12.3,54865
MI,manistee county,16.6,37477
MI,marquette county,15.4,44735
MI,mason county,16.3,42896
MI,mecosta county,23,41572
MI,menominee county,14.5,42191
MI,midland county,11.9,51629
MI,missaukee county,16.1,40455
MI,monroe county,10.4,57719
MI,montcalm county,20.4,41554
MI,montmorency county,15.7,37961
MI,muskegon county,20,42588
MI,newaygo county,21,41588
MI,oakland county,10,69378
MI,oceana county,20.1,41166
MI,ogemaw county,21.4,35968
MI,ontonagon county,17.8,35387
MI,osceola county,20.4,40235
MI,oscoda county,20.5,33975
MI,otsego county,13.2,44693
MI,ottawa county,9.1,60577
MI,presque isle county,16.1,39420
MI,roscommon county,20.7,35002
MI,saginaw county,17.4,44548
MI,st. clair county,13.8,50303
MI,st. joseph county,18.5,43687
MI,sanilac county,14.7,42081
MI,schoolcraft county,17.6,39539
MI,shiawassee county,15.3,47882
MI,tuscola county,15.6,43186
MI,van buren county,16.5,46715
MI,washtenaw county,14.3,62861
MI,wayne county,24.1,41434
MI,wexford county,19,39807
MN,minnesota,11.4,61473
MN,aitkin county,14.9,40676
MN,anoka county,7.6,70868
MN,becker county,14.6,51116
MN,beltrami county,18.5,43706
MN,benton county,13.6,52531
MN,big stone county,12.8,46495
MN,blue earth county,17.9,49513
MN,brown county,8.9,52272
MN,carlton county,12.1,53291
MN,carver county,4.8,88500
MN,cass county,15.7,45179
MN,chippewa county,11.5,51274
MN,chisago county,6.2,75122
MN,clay county,13.3,55560
MN,clearwater county,17.8,43674
MN,cook county,10.4,48593
MN,cottonwood county,12.9,48176
MN,crow wing county,10.9,50162
MN,dakota county,7.3,76269
MN,dodge county,7.6,68777
MN,douglas county,9.6,52298
MN,faribault county,13.5,48163
MN,fillmore county,11.6,52444
MN,freeborn county,12.5,47203
MN,goodhue county,9.6,60869
MN,grant county,10.5,48179
MN,hennepin county,13,64490
MN,houston county,8.4,59900
MN,hubbard county,12.2,47944
MN,isanti county,7.8,65342
MN,itasca county,14.7,48525
MN,jackson county,9.8,53700
MN,kanabec county,13.8,48908
MN,kandiyohi county,11.5,57405
MN,kittson county,9.9,50372
MN,koochiching county,15.3,44113
MN,lac qui parle county,10.4,48245
MN,lake county,10.5,52381
MN,lake of the woods county,10.7,44727
MN,le sueur county,8.9,61665
MN,lincoln county,10.2,48449
MN,lyon county,11.5,53552
MN,mcleod county,7.9,60114
MN,mahnomen county,19.6,39926
MN,marshall county,9.6,54433
MN,martin county,12.2,52042
MN,meeker county,10,54354
MN,mille lacs county,12,48434
MN,morrison county,11.8,50685
MN,mower county,12.1,47537
MN,murray county,9.6,52219
MN,nicollet county,10.2,61279
MN,nobles county,13,50684
MN,norman county,13.4,51597
MN,olmsted county,9.8,69430
MN,otter tail county,11.2,51510
MN,pennington county,9.3,50905
MN,pine county,17.5,42157
MN,pipestone county,12.2,47164
MN,polk county,12.7,50175
MN,pope county,10.4,51343
MN,ramsey county,16.5,55070
MN,red lake county,9.2,48188
MN,redwood county,12.4,49934
MN,renville county,11.3,54386
MN,rice county,13,60317
MN,rock county,9.6,55352
MN,roseau county,9.2,53838
MN,st. louis county,17,49714
MN,scott county,5.5,91688
MN,sherburne county,7.2,76512
MN,sibley county,9.2,59893
MN,stearns county,13.4,55832
MN,steele county,10.9,57850
MN,stevens county,14.2,55292
MN,swift county,10.8,51032
MN,todd county,17.8,43287
MN,traverse county,12.2,49536
MN,wabasha county,7.3,58752
MN,wadena county,15.8,41909
MN,waseca county,10.1,54183
MN,washington county,6,84113
MN,watonwan county,10.4,48658
MN,wilkin county,10.3,54536
MN,winona county,15.8,49365
MN,wright county,6,76489
MN,yellow medicine county,11.2,51028
MS,mississippi,21.9,39738
MS,adams county,32.9,32327
MS,alcorn county,21.8,35180
MS,amite county,23.2,30668
MS,attala county,23.6,32521
MS,benton county,25.6,30665
MS,bolivar county,34,29297
MS,calhoun county,25,33141
MS,carroll county,17.9,38219
MS,chickasaw county,24.7,31616
MS,choctaw county,24.2,34548
MS,claiborne county,42.6,26083
MS,clarke county,22.4,34910
MS,clay county,28.4,33939
MS,coahoma county,35,28647
MS,copiah county,26,35314
MS,covington county,26.5,31835
MS,desoto county,10.1,58479
MS,forrest county,26.4,36808
MS,franklin county,20.5,36544
MS,george county,17,44811
MS,greene county,23.6,39615
MS,grenada county,24.8,33650
MS,hancock county,19.8,46288
MS,harrison county,18.8,41010
MS,hinds county,23.6,38454
MS,holmes county,44,22640
MS,humphreys county,40.3,25562
MS,issaquena county,39.5,37096
MS,itawamba county,17.2,38366
MS,jackson county,15.6,48018
MS,jasper county,22.7,35019
MS,jefferson county,38.5,26408
MS,jefferson davis county,29.8,28271
MS,jones county,24.4,37367
MS,kemper county,28.2,33015
MS,lafayette county,25.9,40797
MS,lamar county,14.2,51389
MS,lauderdale county,21.7,38869
MS,lawrence county,22.3,38471
MS,leake county,27.1,32239
MS,lee county,19.4,43374
MS,leflore county,40.1,26439
MS,lincoln county,21.6,36118
MS,lowndes county,23.6,39937
MS,madison county,13.1,66671
MS,marion county,30.4,33428
MS,marshall county,21.5,37554
MS,monroe county,20.1,36810
MS,montgomery county,24.7,31963
MS,neshoba county,20.7,37686
MS,newton county,22.3,35185
MS,noxubee county,31.3,28730
MS,oktibbeha county,29.9,34429
MS,panola county,25.9,34526
MS,pearl river county,19.3,38465
MS,perry county,22.6,32459
MS,pike county,30.5,30078
MS,pontotoc county,17.7,40198
MS,prentiss county,22.3,34794
MS,quitman county,36.2,26204
MS,rankin county,11.1,58368
MS,scott county,26.9,32049
MS,sharkey county,37.4,27877
MS,simpson county,25.9,34338
MS,smith county,20.8,38975
MS,stone county,19.5,41136
MS,sunflower county,34.8,29227
MS,tallahatchie county,37.4,28456
MS,tate county,18.5,40975
MS,tippah county,19.1,37026
MS,tishomingo county,17.7,35550
MS,tunica county,27.9,30689
MS,union county,15.9,37667
MS,walthall county,26.4,31607
MS,warren county,21.7,40397
MS,washington county,35.1,30292
MS,wayne county,24.7,35425
MS,webster county,22.1,34073
MS,wilkinson county,32.5,27596
MS,winston county,26.3,34403
MS,yalobusha county,23.4,34494
MS,yazoo county,34.6,30313
MO,missouri,15.5,48288
MO,adair county,26.9,35425
MO,andrew county,10.7,56309
MO,atchison county,12.2,45997
MO,audrain county,17.2,41302
MO,barry county,20.2,38139
MO,barton county,19.1,37581
MO,bates county,18.4,41462
MO,benton county,19.5,33236
MO,bollinger county,20.1,39033
MO,boone county,19.5,50305
MO,buchanan county,17.8,45431
MO,butler county,21.3,35774
MO,caldwell county,16.2,43111
MO,callaway county,14.2,49384
MO,camden county,17.5,44410
MO,cape girardeau county,17,47705
MO,carroll county,16.5,39017
MO,carter county,24,32170
MO,cass county,10.5,60970
MO,cedar county,21.4,33631
MO,chariton county,12,43049
MO,christian county,11.3,51831
MO,clark county,15.7,43298
MO,clay county,9.1,61598
MO,clinton county,12.4,51221
MO,cole county,13.3,51885
MO,cooper county,14,42166
MO,crawford county,20.7,37379
MO,dade county,18.5,37173
MO,dallas county,21.7,34987
MO,daviess county,16.8,41610
MO,dekalb county,18.6,42174
MO,dent county,21.6,34411
MO,douglas county,23,31805
MO,dunklin county,29.8,31486
MO,franklin county,11.8,51978
MO,gasconade county,13.5,44065
MO,gentry county,15.4,39444
MO,greene county,20.6,40386
MO,grundy county,19.2,37911
MO,harrison county,19,37486
MO,henry county,18.3,39232
MO,hickory county,22.1,33707
MO,holt county,14.4,41652
MO,howard county,15.6,44188
MO,howell county,22.1,32662
MO,iron county,22.1,33091
MO,jackson county,16.5,46185
MO,jasper county,19.6,40047
MO,jefferson county,10.6,58976
MO,johnson county,14.6,49949
MO,knox county,19.4,37581
MO,laclede county,18.4,36895
MO,lafayette county,13.4,48128
MO,lawrence county,18.6,39908
MO,lewis county,14.3,41891
MO,lincoln county,15.7,53804
MO,linn county,20,37597
MO,livingston county,16.6,47937
MO,mcdonald county,22.2,34863
MO,macon county,17,35345
MO,madison county,20.4,35363
MO,maries county,16.1,40165
MO,marion county,18,42088
MO,mercer county,15,38023
MO,miller county,17.4,37360
MO,mississippi county,32.2,30661
MO,moniteau county,13.9,47158
MO,monroe county,15.8,41376
MO,montgomery county,16.1,42105
MO,morgan county,20.7,36867
MO,new madrid county,23.3,34631
MO,newton county,14.3,45448
MO,nodaway county,20.2,42956
MO,oregon county,23.9,29415
MO,osage county,10.2,51958
MO,ozark county,22.3,31025
MO,pemiscot county,28.7,32120
MO,perry county,11.6,50548
MO,pettis county,17.6,40038
MO,phelps county,21.6,40710
MO,pike county,18.9,44408
MO,platte county,6.9,70874
MO,polk county,18.1,38344
MO,pulaski county,15.9,47227
MO,putnam county,18.6,34684
MO,ralls county,11.6,51738
MO,randolph county,18.3,41346
MO,ray county,15.3,51986
MO,reynolds county,21.5,31820
MO,ripley county,25.1,30019
MO,st. charles county,6.8,74220
MO,st. clair county,21.7,33986
MO,ste. genevieve county,13.1,46874
MO,st. francois county,20.3,40376
MO,st. louis county,9.6,60093
MO,saline county,16.3,41112
MO,schuyler county,18.2,34644
MO,scotland county,16.3,38281
MO,scott county,20.9,40532
MO,shannon county,28.2,27382
MO,shelby county,16.6,42498
MO,stoddard county,19,38329
MO,stone county,16.2,40642
MO,sullivan county,17.7,36642
MO,taney county,18.7,35731
MO,texas county,21.5,33755
MO,vernon county,17.5,40267
MO,warren county,12.8,52959
MO,washington county,25.5,34581
MO,wayne county,26.4,30721
MO,webster county,17.8,41561
MO,worth county,15.5,38802
MO,wright county,22.7,31600
MO,st. louis city,28.8,35681
MT,montana,15.2,46608
MT,beaverhead county,15.1,41602
MT,big horn county,30.6,38871
MT,blaine county,25.2,35740
MT,broadwater county,11.7,49758
MT,carbon county,12.7,47520
MT,carter county,14,41466
MT,cascade county,14.3,42903
MT,chouteau county,19.4,41004
MT,custer county,11,47493
MT,daniels county,10.8,47376
MT,dawson county,11.7,50540
MT,deer lodge county,17.1,38178
MT,fallon county,8,59102
MT,fergus county,14.8,42915
MT,flathead county,13.6,47351
MT,gallatin county,13.9,51569
MT,garfield county,15.1,42757
MT,glacier county,31.8,33428
MT,golden valley county,20.1,37316
MT,granite county,14.4,47902
MT,hill county,17.6,43509
MT,jefferson county,10.4,61575
MT,judith basin county,14.6,43272
MT,lake county,22.7,38221
MT,lewis and clark county,12,53572
MT,liberty county,19.1,37911
MT,lincoln county,19.2,36734
MT,mccone county,15.4,43132
MT,madison county,12.6,41539
MT,meagher county,18,36903
MT,mineral county,17.3,36449
MT,missoula county,15.8,44716
MT,musselshell county,19.1,39827
MT,park county,14.7,42942
MT,petroleum county,17.5,35092
MT,phillips county,15.7,41595
MT,pondera county,20.3,39292
MT,powder river county,12.3,44644
MT,powell county,20.2,40072
MT,prairie county,12.3,40140
MT,ravalli county,17.2,42902
MT,richland county,8.2,65738
MT,roosevelt county,23.8,37511
MT,rosebud county,20.5,50751
MT,sanders county,20.7,32815
MT,sheridan county,10.2,52711
MT,silver bow county,19.5,39882
MT,stillwater county,8.4,60812
MT,sweet grass county,12,45000
MT,teton county,13.9,46208
MT,toole county,17.2,45207
MT,treasure county,13.2,47089
MT,valley county,12.4,46328
MT,wheatland county,19.5,35875
MT,wibaux county,11.7,43859
MT,yellowstone county,12.3,51653
NE,nebraska,12.3,52803
NE,adams county,12.5,48658
NE,antelope county,14,50919
NE,arthur county,10.2,43408
NE,banner county,12.4,48990
NE,blaine county,15.7,38228
NE,boone county,10.3,52914
NE,box butte county,11.4,55465
NE,boyd county,13.9,39964
NE,brown county,12.8,42348
NE,buffalo county,12.5,51550
NE,burt county,10.6,49345
NE,butler county,9.2,54240
NE,cass county,6.9,66522
NE,cedar county,10.4,54421
NE,chase county,9.3,52749
NE,cherry county,13.3,43564
NE,cheyenne county,9,55964
NE,clay county,11.3,55758
NE,colfax county,10.3,50758
NE,cuming county,9.1,56047
NE,custer county,13.4,45644
NE,dakota county,14.8,50289
NE,dawes county,18.8,40667
NE,dawson county,13.7,47366
NE,deuel county,11.8,44109
NE,dixon county,10.7,52601
NE,dodge county,12.9,50043
NE,douglas county,14,52842
NE,dundy county,13.8,45624
NE,fillmore county,10.1,54556
NE,franklin county,13.6,44794
NE,frontier county,13.7,48543
NE,furnas county,12.7,44461
NE,gage county,11,50861
NE,garden county,15.6,38645
NE,garfield county,11.8,40436
NE,gosper county,9.1,55319
NE,grant county,11,47537
NE,greeley county,12.7,43858
NE,hall county,14.7,48499
NE,hamilton county,6.9,62191
NE,harlan county,11.4,46744
NE,hayes county,14.5,48856
NE,hitchcock county,13.8,40496
NE,holt county,12.5,46667
NE,hooker county,9.6,40732
NE,howard county,11.5,51040
NE,jefferson county,11.5,44947
NE,johnson county,13.9,48511
NE,kearney county,9.6,56791
NE,keith county,12,45192
NE,keya paha county,20.5,41138
NE,kimball county,11.7,45771
NE,knox county,14.9,42745
NE,lancaster county,14,52011
NE,lincoln county,14.5,49770
NE,logan county,9.4,50761
NE,loup county,15.5,49132
NE,mcpherson county,13.9,62280
NE,madison county,13.7,51836
NE,merrick county,10.4,50893
NE,morrill county,14,46961
NE,nance county,11.7,48535
NE,nemaha county,13.6,49162
NE,nuckolls county,13.4,43249
NE,otoe county,10,51527
NE,pawnee county,12.2,42977
NE,perkins county,10.4,56080
NE,phelps county,9.5,54137
NE,pierce county,10,53489
NE,platte county,8.4,61768
NE,polk county,8,58162
NE,red willow county,11.7,43842
NE,richardson county,14.4,44282
NE,rock county,15,46051
NE,saline county,10.1,51805
NE,sarpy county,5.3,74008
NE,saunders county,8.2,61961
NE,scotts bluff county,15.6,47194
NE,seward county,8.2,61802
NE,sheridan county,16,40351
NE,sherman county,12.1,43883
NE,sioux county,16,47313
NE,stanton county,9.2,55955
NE,thayer county,10.7,49517
NE,thomas county,15.4,39537
NE,thurston county,34,41344
NE,valley county,12.3,44726
NE,washington county,7.4,69191
NE,wayne county,13.6,53290
NE,webster county,12.7,40979
NE,wheeler county,12.6,45400
NE,york county,10.6,51335
NV,nevada,15.4,51487
NV,churchill county,13.2,46840
NV,clark county,15.6,51241
NV,douglas county,10.3,60322
NV,elko county,10.8,72648
NV,esmeralda county,14,47180
NV,eureka county,9.8,70535
NV,humboldt county,10.7,67423
NV,lander county,11,74347
NV,lincoln county,15.1,45629
NV,lyon county,13.7,48576
NV,mineral county,19,40714
NV,nye county,16.8,42881
NV,pershing county,18.5,52001
NV,storey county,8.4,55291
NV,washoe county,15.4,52862
NV,white pine county,13.7,57243
NV,carson city,19.3,45639
NH,new hampshire,9.2,66469
NH,belknap county,10,59831
NH,carroll county,10.7,57556
NH,cheshire county,11.8,56008
NH,coos county,14.9,42491
NH,grafton county,11.6,56353
NH,hillsborough county,8.7,71233
NH,merrimack county,9.5,62429
NH,rockingham county,6.1,79653
NH,strafford county,11.8,58577
NH,sullivan county,10.4,57142
NJ,new jersey,11.1,71968
NJ,atlantic county,15.1,54208
NJ,bergen county,7.6,84309
NJ,burlington county,7.2,80479
NJ,camden county,13,61685
NJ,cape may county,13,55409
NJ,cumberland county,19.5,45438
NJ,essex county,16.7,54603
NJ,gloucester county,8.2,78983
NJ,hudson county,17.7,57720
NJ,hunterdon county,4.7,103876
NJ,mercer county,11.8,73750
NJ,middlesex county,8.3,77330
NJ,monmouth county,8.2,87220
NJ,morris county,5,100511
NJ,ocean county,11.9,62937
NJ,passaic county,18.2,58030
NJ,salem county,13.1,56645
NJ,somerset county,5,100194
NJ,sussex county,6.2,82048
NJ,union county,11.1,68172
NJ,warren county,8.3,71294
NM,new mexico,20.6,44905
NM,bernalillo county,18.7,47192
NM,catron county,22.2,33256
NM,chaves county,23.4,38403
NM,cibola county,28.8,35081
NM,colfax county,20.5,37156
NM,curry county,19.2,42620
NM,debaca county,20.6,33789
NM,dona ana county,27.9,38974
NM,eddy county,14.1,57007
NM,grant county,19.1,38221
NM,guadalupe county,25.8,29147
NM,harding county,14.8,40380
NM,hidalgo county,24.5,34304
NM,lea county,16.6,58994
NM,lincoln county,20.1,39995
NM,los alamos county,4.2,108477
NM,luna county,30.6,27268
NM,mckinley county,35.8,29497
NM,mora county,24.2,27627
NM,otero county,20.2,41736
NM,quay county,23.9,29069
NM,rio arriba county,24.1,34902
NM,roosevelt county,24,36108
NM,sandoval county,12.6,56142
NM,san juan county,21,47520
NM,san miguel county,25.5,32964
NM,santa fe county,14.2,52628
NM,sierra county,23.8,29036
NM,socorro county,31,32285
NM,taos county,19.2,36125
NM,torrance county,27.6,37311
NM,union county,19.4,36684
NM,valencia county,24.5,40591
NY,new york,16,58771
NY,albany county,13.5,60371
NY,allegany county,18.3,42655
NY,bronx county,31.5,33687
NY,broome county,17.2,46283
NY,cattaraugus county,16.2,43892
NY,cayuga county,12.7,52792
NY,chautauqua county,19.3,41757
NY,chemung county,18.2,48880
NY,chenango county,16.7,46387
NY,clinton county,16.6,51576
NY,columbia county,11.6,55047
NY,cortland county,13.8,48357
NY,delaware county,14.4,45860
NY,dutchess county,10.2,70925
NY,erie county,15.2,50134
NY,essex county,12,50182
NY,franklin county,18.5,45704
NY,fulton county,17.8,45409
NY,genesee county,12,52410
NY,greene county,11.1,52597
NY,hamilton county,11.4,49137
NY,herkimer county,16.5,44148
NY,jefferson county,15.1,49781
NY,kings county,23.4,47547
NY,lewis county,14.3,47542
NY,livingston county,14.7,49920
NY,madison county,11.8,51600
NY,monroe county,14.2,51371
NY,montgomery county,18.9,40923
NY,nassau county,6.7,98312
NY,new york county,17.7,75459
NY,niagara county,13.4,49274
NY,oneida county,17.7,48350
NY,onondaga county,16.1,52892
NY,ontario county,11.5,58473
NY,orange county,13.4,69228
NY,orleans county,15.5,46577
NY,oswego county,19.6,46926
NY,otsego county,18.9,43104
NY,putnam county,6.3,94334
NY,queens county,15.4,56866
NY,rensselaer county,13,59925
NY,richmond county,14.5,70299
NY,rockland county,14.7,83162
NY,st. lawrence county,18.9,43518
NY,saratoga county,7.2,71885
NY,schenectady county,13.2,56508
NY,schoharie county,15.9,48718
NY,schuyler county,15.4,48135
NY,seneca county,14.2,49809
NY,steuben county,16.6,46849
NY,suffolk county,7.7,85886
NY,sullivan county,16.3,48908
NY,tioga county,11.4,52195
NY,tompkins county,18.7,51880
NY,ulster county,13.7,56718
NY,warren county,13.3,54585
NY,washington county,14.6,47547
NY,wayne county,12.9,49191
NY,westchester county,10.4,83152
NY,wyoming county,12.3,53783
NY,yates county,14.5,48368
NC,north carolina,17.2,46596
NC,alamance county,17.9,41296
NC,alexander county,16.4,43043
NC,alleghany county,20.5,35266
NC,anson county,25,32508
NC,ashe county,20.9,36488
NC,avery county,19.8,37131
NC,beaufort county,18.8,40357
NC,bertie county,27.7,31217
NC,bladen county,25.6,33521
NC,brunswick county,15.7,47387
NC,buncombe county,13.9,47296
NC,burke county,20.5,39275
NC,cabarrus county,12.2,55250
NC,caldwell county,18.8,38653
NC,camden county,9.7,61730
NC,carteret county,14.7,48824
NC,caswell county,19.9,42730
NC,catawba county,16.2,45080
NC,chatham county,13.9,56797
NC,cherokee county,21,34620
NC,chowan county,23.2,38887
NC,clay county,18.5,37072
NC,cleveland county,21.1,39444
NC,columbus county,24.3,34321
NC,craven county,16.4,43972
NC,cumberland county,17.6,42582
NC,currituck county,11.2,58024
NC,dare county,11,54642
NC,davidson county,16.9,43346
NC,davie county,13.8,47592
NC,duplin county,27.7,34109
NC,durham county,16.6,50745
NC,edgecombe county,25.9,31615
NC,forsyth county,19.7,45944
NC,franklin county,15.4,48166
NC,gaston county,16.7,42056
NC,gates county,15.6,48413
NC,graham county,20.6,33824
NC,granville county,15.9,49342
NC,greene county,28.3,37263
NC,guilford county,17.3,44828
NC,halifax county,23.5,31674
NC,harnett county,20.5,45380
NC,haywood county,15.2,42812
NC,henderson county,12.9,47286
NC,hertford county,25.8,30056
NC,hoke county,19.5,44175
NC,hyde county,21.9,36891
NC,iredell county,12.7,54026
NC,jackson county,23.5,38130
NC,johnston county,15.3,50055
NC,jones county,22.2,38928
NC,lee county,18.5,46073
NC,lenoir county,22.1,35991
NC,lincoln county,16,49676
NC,mcdowell county,17.6,37881
NC,macon county,18.1,37884
NC,madison county,19.9,38445
NC,martin county,19.7,35930
NC,mecklenburg county,15.2,59049
NC,mitchell county,19.2,36795
NC,montgomery county,21.1,38530
NC,moore county,15.5,51650
NC,nash county,18.2,43348
NC,new hanover county,18,49905
NC,northampton county,25.8,32063
NC,onslow county,14.3,47201
NC,orange county,14.1,60304
NC,pamlico county,17.9,43097
NC,pasquotank county,18.8,44596
NC,pender county,15.4,45453
NC,perquimans county,17.1,41328
NC,person county,18.7,45841
NC,pitt county,23.4,41765
NC,polk county,14.7,45464
NC,randolph county,16.7,41770
NC,richmond county,24.7,34665
NC,robeson county,33.1,30414
NC,rockingham county,19.4,39606
NC,rowan county,18,44973
NC,rutherford county,21.5,35629
NC,sampson county,29,33876
NC,scotland county,28.9,32782
NC,stanly county,16.5,41921
NC,stokes county,13.8,45065
NC,surry county,18.9,37915
NC,swain county,19.3,34788
NC,transylvania county,16.2,44490
NC,tyrrell county,28.3,32773
NC,union county,10.8,64381
NC,vance county,27,33609
NC,wake county,11.5,66950
NC,warren county,22.8,33869
NC,washington county,26.8,32867
NC,watauga county,26.2,41942
NC,wayne county,23.3,36890
NC,wilkes county,23.4,33398
NC,wilson county,23.9,39268
NC,yadkin county,17.2,40801
NC,yancey county,20.6,35974
ND,north dakota,11.1,60227
ND,adams county,10.2,45710
ND,barnes county,10.3,52376
ND,benson county,29.9,39342
ND,billings county,7.7,75096
ND,bottineau county,9.7,56965
ND,bowman county,7.4,60946
ND,burke county,8.3,62875
ND,burleigh county,8.2,66734
ND,cass county,11.3,53755
ND,cavalier county,9,54057
ND,dickey county,11.7,51817
ND,divide county,8.3,67344
ND,dunn county,9.5,72018
ND,eddy county,10.7,47596
ND,emmons county,13.2,44282
ND,foster county,8,54593
ND,golden valley county,10.7,53420
ND,grand forks county,16.7,50435
ND,grant county,16.1,39679
ND,griggs county,9.5,51192
ND,hettinger county,11.1,50038
ND,kidder county,14.1,46923
ND,lamoure county,9.7,53721
ND,logan county,11.9,44696
ND,mchenry county,12.3,48887
ND,mcintosh county,13,40258
ND,mckenzie county,8.6,81209
ND,mclean county,10.1,56616
ND,mercer county,7.3,74047
ND,morton county,9.2,54637
ND,mountrail county,9.3,66807
ND,nelson county,10.8,45040
ND,oliver county,10.6,62010
ND,pembina county,8.9,56298
ND,pierce county,11.6,39572
ND,ramsey county,12.3,51097
ND,ransom county,8.4,56270
ND,renville county,7.7,60957
ND,richland county,9.7,57177
ND,rolette county,31.6,35630
ND,sargent county,7.3,58467
ND,sheridan county,16.1,44990
ND,sioux county,33.6,33950
ND,slope county,9.4,55664
ND,stark county,7.6,76672
ND,steele county,7.1,59408
ND,stutsman county,11.6,53333
ND,towner county,10.9,51961
ND,traill county,8.9,58995
ND,walsh county,10.9,51754
ND,ward county,8.5,62526
ND,wells county,10.9,51470
ND,williams county,6.9,86354
OH,ohio,15.8,49349
OH,adams county,24.8,34116
OH,allen county,18,43602
OH,ashland county,14.6,47369
OH,ashtabula county,21.5,39757
OH,athens county,29.9,34216
OH,auglaize county,8.3,52650
OH,belmont county,16.1,41983
OH,brown county,15,46484
OH,butler county,14.4,58558
OH,carroll county,13.5,46177
OH,champaign county,11.3,50302
OH,clark county,18.2,42029
OH,clermont county,11.2,62158
OH,clinton county,13.7,49453
OH,columbiana county,15.9,42645
OH,coshocton county,18.1,41547
OH,crawford county,15.4,39881
OH,cuyahoga county,19.6,44138
OH,darke county,12.2,46610
OH,defiance county,11.7,53026
OH,delaware county,4.8,97802
OH,erie county,13.9,49234
OH,fairfield county,9.6,59921
OH,fayette county,15.8,44947
OH,franklin county,17.3,53164
OH,fulton county,10.5,54666
OH,gallia county,26.1,36675
OH,geauga county,7.8,72264
OH,greene county,13.2,59382
OH,guernsey county,17.2,41940
OH,hamilton county,17.6,48973
OH,hancock county,12.7,51498
OH,hardin county,19,45195
OH,harrison county,16.9,42582
OH,henry county,10.2,53645
OH,highland county,19.3,41611
OH,hocking county,17.5,42374
OH,holmes county,12.4,50069
OH,huron county,13.4,47824
OH,jackson county,20,41161
OH,jefferson county,20,40148
OH,knox county,15.1,46908
OH,lake county,8.9,58697
OH,lawrence county,17.5,41608
OH,licking county,13.5,57308
OH,logan county,17,50753
OH,lorain county,14.7,52331
OH,lucas county,20.7,42344
OH,madison county,12.6,52996
OH,mahoning county,18.9,41316
OH,marion county,21.3,42240
OH,medina county,7,68405
OH,meigs county,22.6,38081
OH,mercer county,8.9,52606
OH,miami county,10.6,51868
OH,monroe county,15.7,40646
OH,montgomery county,19.7,42994
OH,morgan county,18.1,37923
OH,morrow county,12.1,49846
OH,muskingum county,19.1,41814
OH,noble county,16.3,43953
OH,ottawa county,10.1,50345
OH,paulding county,12.3,47358
OH,perry county,17.8,43341
OH,pickaway county,13.2,54868
OH,pike county,21.9,40512
OH,portage county,14.2,52047
OH,preble county,13,49516
OH,putnam county,7.8,56519
OH,richland county,15.9,41948
OH,ross county,19.2,42466
OH,sandusky county,14.5,46447
OH,scioto county,27.2,37625
OH,seneca county,17.5,45003
OH,shelby county,10.7,50774
OH,stark county,14.9,47745
OH,summit county,13.4,50453
OH,trumbull county,17.2,43160
OH,tuscarawas county,13.4,46128
OH,union county,7.7,69900
OH,van wert county,10.1,49565
OH,vinton county,23.7,37633
OH,warren county,5.8,72973
OH,washington county,15.7,45048
OH,wayne county,13.9,50106
OH,williams county,14.2,42214
OH,wood county,13.5,54996
OH,wyandot county,10,47905
OK,oklahoma,16.6,47524
OK,adair county,27.2,31386
OK,alfalfa county,16.6,51885
OK,atoka county,21.8,35910
OK,beaver county,10.5,56664
OK,beckham county,15,46625
OK,blaine county,18.4,44309
OK,bryan county,19.1,38187
OK,caddo county,23.5,39933
OK,canadian county,7.7,68421
OK,carter county,16.5,44402
OK,cherokee county,20.6,38027
OK,choctaw county,26.8,29652
OK,cimarron county,18,41800
OK,cleveland county,12.6,58205
OK,coal county,20.9,36566
OK,comanche county,18.6,46071
OK,cotton county,17.8,41469
OK,craig county,19.2,36953
OK,creek county,15.8,46614
OK,custer county,15.9,45574
OK,delaware county,18.8,36424
OK,dewey county,12.4,50348
OK,ellis county,12,52032
OK,garfield county,14.5,49136
OK,garvin county,19.2,40774
OK,grady county,12.1,51199
OK,grant county,12.3,49774
OK,greer county,25.2,34872
OK,harmon county,24.8,33750
OK,harper county,10.6,49204
OK,haskell county,24.5,35313
OK,hughes county,23.4,34837
OK,jackson county,17.2,41370
OK,jefferson county,23,32645
OK,johnston county,20.1,35977
OK,kay county,18.2,41514
OK,kingfisher county,10,59525
OK,kiowa county,19.1,36699
OK,latimer county,20.7,35522
OK,le flore county,24,36627
OK,lincoln county,14.9,46083
OK,logan county,13.8,55602
OK,love county,12.5,52662
OK,mcclain county,10.2,58392
OK,mccurtain county,20.9,34964
OK,mcintosh county,22.4,33450
OK,major county,11.8,54107
OK,marshall county,18,38517
OK,mayes county,17.6,41806
OK,murray county,15.1,43783
OK,muskogee county,22.2,41015
OK,noble county,13.4,46874
OK,nowata county,16.1,39706
OK,okfuskee county,25,34172
OK,oklahoma county,17.9,48226
OK,okmulgee county,21.5,38183
OK,osage county,16.6,48014
OK,ottawa county,22.1,35580
OK,pawnee county,15.4,43476
OK,payne county,23.7,41037
OK,pittsburg county,21.7,39900
OK,pontotoc county,17.3,41423
OK,pottawatomie county,17.5,45710
OK,pushmataha county,23.1,32215
OK,roger mills county,12.3,56139
OK,rogers county,10,56465
OK,seminole county,24.7,35964
OK,sequoyah county,27.9,35592
OK,stephens county,15.5,42967
OK,texas county,13.6,49780
OK,tillman county,23.8,35274
OK,tulsa county,14.8,50507
OK,wagoner county,9.8,58921
OK,washington county,13.9,49056
OK,washita county,13.9,47391
OK,woods county,14.3,48831
OK,woodward county,12.3,56067
OR,oregon,16.4,51088
OR,baker county,20.6,38966
OR,benton county,18.9,54089
OR,clackamas county,9.5,65555
OR,clatsop county,15.4,45132
OR,columbia county,12,57517
OR,coos county,19.8,39956
OR,crook county,18.3,38155
OR,curry county,17.1,40524
OR,deschutes county,13.2,52387
OR,douglas county,19.9,41504
OR,gilliam county,11.7,51978
OR,grant county,16.8,41304
OR,harney county,21.3,36340
OR,hood river county,14.6,54063
OR,jackson county,18.1,44835
OR,jefferson county,21.2,42753
OR,josephine county,20.6,37230
OR,klamath county,21.9,39234
OR,lake county,19.3,40328
OR,lane county,18.4,44976
OR,lincoln county,18.8,40226
OR,linn county,19.1,44358
OR,malheur county,28.7,35094
OR,marion county,17.7,48554
OR,morrow county,16.3,51839
OR,multnomah county,18.6,53519
OR,polk county,14.1,52626
OR,sherman county,14.2,53277
OR,tillamook county,17.5,41662
OR,umatilla county,18,44780
OR,union county,17.7,44841
OR,wallowa county,15.8,39743
OR,wasco county,16.8,44010
OR,washington county,12.5,66315
OR,wheeler county,23.3,33387
OR,yamhill county,15.4,52903
PA,pennsylvania,13.6,53224
PA,adams county,10.8,60179
PA,allegheny county,13.1,52385
PA,armstrong county,13.8,44326
PA,beaver county,11.7,51041
PA,bedford county,13.6,46890
PA,berks county,14.3,55936
PA,blair county,15,43343
PA,bradford county,12.9,47242
PA,bucks county,6.6,77823
PA,butler county,8.9,60851
PA,cambria county,15.3,42703
PA,cameron county,14.2,40257
PA,carbon county,13,49252
PA,centre county,17.9,51573
PA,chester county,7.3,85613
PA,clarion county,15.1,43202
PA,clearfield county,16.5,40230
PA,clinton county,17.4,44224
PA,columbia county,14.3,46938
PA,crawford county,14.9,43969
PA,cumberland county,9.1,62692
PA,dauphin county,13.4,52967
PA,delaware county,11,62867
PA,elk county,10.5,46965
PA,erie county,16.4,45476
PA,fayette county,20.2,36902
PA,forest county,21.9,37794
PA,franklin county,11.9,50434
PA,fulton county,13.3,48084
PA,greene county,16.5,49897
PA,huntingdon county,15.1,44531
PA,indiana county,17,42611
PA,jefferson county,13.3,43810
PA,juniata county,12.3,48944
PA,lackawanna county,15.4,45098
PA,lancaster county,10.5,57369
PA,lawrence county,13.2,44903
PA,lebanon county,10.9,53861
PA,lehigh county,12.8,58283
PA,luzerne county,15.8,44222
PA,lycoming county,16,45211
PA,mc kean county,16.6,44723
PA,mercer county,14.6,43559
PA,mifflin county,16.3,40957
PA,monroe county,13.3,59492
PA,montgomery county,7.1,79576
PA,montour county,11.2,54547
PA,northampton county,10,61510
PA,northumberland county,15.9,40429
PA,perry county,8.7,54920
PA,philadelphia county,25.8,39037
PA,pike county,10.6,58375
PA,potter county,14.3,40323
PA,schuylkill county,13.5,43169
PA,snyder county,13.1,49117
PA,somerset county,13.5,45706
PA,sullivan county,14.4,44191
PA,susquehanna county,12.8,49552
PA,tioga county,16.3,47360
PA,union county,13.4,47996
PA,venango county,16.2,43810
PA,warren county,14.1,44651
PA,washington county,10.7,55796
PA,wayne county,13.9,48663
PA,westmoreland county,10.1,53536
PA,wyoming county,10.9,55882
PA,york county,10.2,58471
RI,rhode island,14.8,54797
RI,bristol county,8,68246
RI,kent county,9.3,61923
RI,newport county,9.5,69203
RI,providence county,18.3,47278
RI,washington county,10.4,70705
SC,south carolina,17.9,45337
SC,abbeville county,21.4,35525
SC,aiken county,16.6,48537
SC,allendale county,39.9,25530
SC,anderson county,16.7,43124
SC,bamberg county,29.7,30349
SC,barnwell county,27,32205
SC,beaufort county,12.9,55427
SC,berkeley county,13.7,52436
SC,calhoun county,19.3,41209
SC,charleston county,16.8,52752
SC,cherokee county,22.3,38947
SC,chester county,22.5,37537
SC,chesterfield county,26.4,34949
SC,clarendon county,27,32268
SC,colleton county,23,35558
SC,darlington county,25.3,35640
SC,dillon county,29.8,30516
SC,dorchester county,12.8,56388
SC,edgefield county,17.5,44129
SC,fairfield county,23.1,35490
SC,florence county,19.5,42232
SC,georgetown county,19.6,44283
SC,greenville county,14.7,49659
SC,greenwood county,22.1,38878
SC,hampton county,23.8,33644
SC,horry county,17.6,42830
SC,jasper county,24.5,37715
SC,kershaw county,17.4,45411
SC,lancaster county,19.7,44854
SC,laurens county,21.1,38268
SC,lee county,27.8,31510
SC,lexington county,13.8,54098
SC,mccormick county,24.6,38694
SC,marion county,30.1,32283
SC,marlboro county,31.4,31170
SC,newberry county,19.4,42000
SC,oconee county,17.5,39548
SC,orangeburg county,30.8,31382
SC,pickens county,19.5,41375
SC,richland county,16.1,49782
SC,saluda county,20.6,42286
SC,spartanburg county,17.7,44050
SC,sumter county,23.2,37906
SC,union county,19.6,37501
SC,williamsburg county,28.3,29609
SC,york county,14.6,54196
SD,south dakota,14.1,51059
SD,aurora county,10.8,50896
SD,beadle county,15.1,49583
SD,bennett county,34.8,34326
SD,bon homme county,15.2,47987
SD,brookings county,14.1,52930
SD,brown county,11.8,53150
SD,brule county,14.8,47224
SD,buffalo county,40.7,21658
SD,butte county,15.8,41446
SD,campbell county,9.4,49895
SD,charles mix county,24,41395
SD,clark county,13.8,48024
SD,clay county,24.9,43453
SD,codington county,10.3,52892
SD,corson county,38.6,31420
SD,custer county,10.7,51244
SD,davison county,12.3,48675
SD,day county,16.3,43305
SD,deuel county,10.1,51246
SD,dewey county,27.2,34936
SD,douglas county,11.6,49251
SD,edmunds county,10.5,57148
SD,fall river county,17,42007
SD,faulk county,13.2,46633
SD,grant county,10,52816
SD,gregory county,18.3,36836
SD,haakon county,12,43699
SD,hamlin county,10.4,53944
SD,hand county,10,51201
SD,hanson county,8.1,61945
SD,harding county,11.2,49220
SD,hughes county,11,58340
SD,hutchinson county,13.2,48879
SD,hyde county,10.1,49184
SD,jackson county,33.9,31922
SD,jerauld county,14.9,48773
SD,jones county,13.1,44876
SD,kingsbury county,10.1,51837
SD,lake county,9.5,53175
SD,lawrence county,13.6,45945
SD,lincoln county,4.3,79857
SD,lyman county,24.9,40639
SD,mccook county,10,57741
SD,mcpherson county,17,38469
SD,marshall county,12,50155
SD,meade county,10.4,54771
SD,mellette county,33.2,34237
SD,miner county,12.4,49159
SD,minnehaha county,11.5,55107
SD,moody county,12.3,53654
SD,pennington county,14.1,48379
SD,perkins county,15.2,39936
SD,potter county,11,52758
SD,roberts county,20.4,45911
SD,sanborn county,14.7,46281
SD,shannon county,52.2,27244
SD,spink county,11.7,48125
SD,stanley county,8.8,67172
SD,sully county,6.3,59879
SD,todd county,47.4,27481
SD,tripp county,19.9,40545
SD,turner county,10.2,55708
SD,union county,6.3,72041
SD,walworth county,15.9,41831
SD,yankton county,13.8,47363
SD,ziebach county,44.6,32025
TN,tennessee,18.2,44357
TN,anderson county,15.6,46689
TN,bedford county,19.1,42252
TN,benton county,21.4,34382
TN,bledsoe county,28.5,34948
TN,blount county,14.7,47175
TN,bradley county,17.5,43065
TN,campbell county,22.7,33333
TN,cannon county,16.4,41068
TN,carroll county,20.8,36627
TN,carter county,24.6,34354
TN,cheatham county,12.7,51475
TN,chester county,20.1,40980
TN,claiborne county,24,33640
TN,clay county,24,30744
TN,cocke county,27.8,30860
TN,coffee county,16.8,45235
TN,crockett county,19,37853
TN,cumberland county,16.6,40839
TN,davidson county,19.9,48195
TN,decatur county,19.9,37417
TN,dekalb county,20.1,38595
TN,dickson county,14.3,45914
TN,dyer county,19.6,43425
TN,fayette county,14.7,56573
TN,fentress county,28.1,30299
TN,franklin county,16.5,43851
TN,gibson county,19.5,37498
TN,giles county,16.9,41326
TN,grainger county,21.9,35704
TN,greene county,17.7,36740
TN,grundy county,26.1,28086
TN,hamblen county,23.4,37410
TN,hamilton county,15.9,48380
TN,hancock county,29.5,27323
TN,hardeman county,25.3,35321
TN,hardin county,21.7,36285
TN,hawkins county,19.6,39506
TN,haywood county,24.7,35470
TN,henderson county,19.1,39303
TN,henry county,20.5,37151
TN,hickman county,20.2,37443
TN,houston county,19.1,39753
TN,humphreys county,17.6,42837
TN,jackson county,23.4,35379
TN,jefferson county,17.8,41235
TN,johnson county,26.4,31330
TN,knox county,17.7,47199
TN,lake county,41.9,28524
TN,lauderdale county,24.8,33595
TN,lawrence county,21.8,34614
TN,lewis county,20.3,36255
TN,lincoln county,16.5,41802
TN,loudon county,13.6,53945
TN,mcminn county,17.4,39528
TN,mcnairy county,23.5,34882
TN,macon county,19.3,36886
TN,madison county,20.9,43113
TN,marion county,20.6,40766
TN,marshall county,15.5,42839
TN,maury county,15.5,51303
TN,meigs county,20.8,34801
TN,monroe county,20.6,37392
TN,montgomery county,13.9,50935
TN,moore county,12.5,50358
TN,morgan county,23.4,36390
TN,obion county,20.8,40683
TN,overton county,18.9,35884
TN,perry county,23.6,33776
TN,pickett county,19.2,31996
TN,polk county,20.3,36643
TN,putnam county,20.8,37693
TN,rhea county,22,37952
TN,roane county,18,43269
TN,robertson county,13.4,52640
TN,rutherford county,14.7,53799
TN,scott county,24.5,31397
TN,sequatchie county,18.7,44111
TN,sevier county,17.7,39905
TN,shelby county,23,44015
TN,smith county,15,43659
TN,stewart county,17.5,41590
TN,sullivan county,18.5,38840
TN,sumner county,11.3,58291
TN,tipton county,15.4,52339
TN,trousdale county,17.5,40251
TN,unicoi county,20.1,37632
TN,union county,22.6,37453
TN,van buren county,20.6,34884
TN,warren county,19,36942
TN,washington county,16.7,43212
TN,wayne county,23.3,33573
TN,weakley county,21.5,36205
TN,white county,21.9,35400
TN,williamson county,5.6,97936
TN,wilson county,10.1,60955
TX,texas,17.2,53067
TX,anderson county,20.4,42471
TX,andrews county,10.7,66878
TX,angelina county,17.9,42128
TX,aransas county,17.5,44551
TX,archer county,9.4,58867
TX,armstrong county,11,55177
TX,atascosa county,16.9,52785
TX,austin county,11.2,58792
TX,bailey county,19.9,36821
TX,bandera county,13.5,50107
TX,bastrop county,14.7,52886
TX,baylor county,18.3,36027
TX,bee county,24.9,40680
TX,bell county,14.2,51048
TX,bexar county,18.3,50699
TX,blanco county,12,57177
TX,borden county,10.3,61750
TX,bosque county,15,44397
TX,bowie county,20.1,41883
TX,brazoria county,9.9,73788
TX,brazos county,26.4,41641
TX,brewster county,13.8,40179
TX,briscoe county,16.7,42139
TX,brooks county,32.4,27875
TX,brown county,17.5,41316
TX,burleson county,16.2,48140
TX,burnet county,14,53203
TX,caldwell county,16,47227
TX,calhoun county,17.3,46705
TX,callahan county,16.3,40796
TX,cameron county,34.5,32215
TX,camp county,23.9,37801
TX,carson county,8.6,58425
TX,cass county,19.1,39256
TX,castro county,19.4,42966
TX,chambers county,10.7,77281
TX,cherokee county,20.1,38465
TX,childress county,22,39025
TX,clay county,13.5,50993
TX,cochran county,20.7,39870
TX,coke county,14.9,41593
TX,coleman county,22.6,37497
TX,collin county,7,86634
TX,collingsworth county,19.3,38655
TX,colorado county,16,46484
TX,comal county,9.2,64533
TX,comanche county,19.7,38280
TX,concho county,26.5,40837
TX,cooke county,15.3,57378
TX,coryell county,14.8,47018
TX,cottle county,20.9,32722
TX,crane county,9.5,61098
TX,crockett county,13.7,49614
TX,crosby county,24.1,36627
TX,culberson county,24.7,33637
TX,dallam county,12.4,43523
TX,dallas county,19.3,50118
TX,dawson county,20.2,41876
TX,deaf smith county,19.2,41499
TX,delta county,20,38304
TX,denton county,8.7,74569
TX,dewitt county,18,45717
TX,dickens county,22.1,35924
TX,dimmit county,25,36856
TX,donley county,19.4,37263
TX,duval county,26,35069
TX,eastland county,19.9,36591
TX,ector county,12.8,55555
TX,edwards county,22.5,35554
TX,ellis county,11,61157
TX,el paso county,23.4,40081
TX,erath county,21.8,41914
TX,falls county,23.7,35491
TX,fannin county,17.1,43211
TX,fayette county,10.9,49830
TX,fisher county,15.4,44519
TX,floyd county,23.7,36898
TX,foard county,17.3,33442
TX,fort bend county,8.8,88516
TX,franklin county,16.4,42099
TX,freestone county,16.7,46526
TX,frio county,26,34206
TX,gaines county,14,50709
TX,galveston county,14.3,58333
TX,garza county,28,49947
TX,gillespie county,12.5,52814
TX,glasscock county,8.6,73335
TX,goliad county,15.3,49369
TX,gonzales county,18.3,42291
TX,gray county,14.2,49012
TX,grayson county,15.3,49261
TX,gregg county,18.2,50020
TX,grimes county,18.6,44795
TX,guadalupe county,10.4,61825
TX,hale county,24,40213
TX,hall county,24.5,33324
TX,hamilton county,16.2,41207
TX,hansford county,12.7,50698
TX,hardeman county,18.7,36992
TX,hardin county,12.9,53872
TX,harris county,17.3,54230
TX,harrison county,17.1,48461
TX,hartley county,10.5,64182
TX,haskell county,25.1,35607
TX,hays county,17.5,59569
TX,hemphill county,8.9,66505
TX,henderson county,20.2,40921
TX,hidalgo county,33.5,34368
TX,hill county,21.8,41521
TX,hockley county,14.4,50124
TX,hood county,12.4,55472
TX,hopkins county,20.3,44076
TX,houston county,25.9,33698
TX,howard county,17.5,47299
TX,hudspeth county,26.7,32086
TX,hunt county,20.5,43385
TX,hutchinson county,13.9,51508
TX,irion county,8.6,63054
TX,jack county,14.9,52030
TX,jackson county,14.7,52185
TX,jasper county,17.7,41017
TX,jeff davis county,13.1,46364
TX,jefferson county,21.2,41147
TX,jim hogg county,22.5,36929
TX,jim wells county,20.2,46200
TX,johnson county,13.3,55926
TX,jones county,23.4,41079
TX,karnes county,22.3,43986
TX,kaufman county,13.8,57585
TX,kendall county,8.3,77764
TX,kenedy county,17.9,38451
TX,kent county,12.4,43026
TX,kerr county,17.6,44113
TX,kimble county,18.5,38750
TX,king county,10.7,64203
TX,kinney county,21,39335
TX,kleberg county,22.8,40884
TX,knox county,21.3,36929
TX,lamar county,18.6,41009
TX,lamb county,22.6,37111
TX,lampasas county,14.4,50699
TX,la salle county,28.1,38012
TX,lavaca county,13.8,47041
TX,lee county,13,52895
TX,leon county,13.5,45159
TX,liberty county,17.4,47123
TX,limestone county,19.6,37256
TX,lipscomb county,10.6,60810
TX,live oak county,15.5,51481
TX,llano county,14.9,45096
TX,loving county,9.3,55819
TX,lubbock county,17.7,45719
TX,lynn county,18.3,41589
TX,mcculloch county,18.9,39649
TX,mclennan county,19.7,43488
TX,mcmullen county,9.2,61571
TX,madison county,21.5,39030
TX,marion county,23.1,34452
TX,martin county,12.5,61896
TX,mason county,14.8,42820
TX,matagorda county,22.1,41587
TX,maverick county,26.5,32248
TX,medina county,14.3,53440
TX,menard county,22.7,32580
TX,midland county,9.9,74811
TX,milam county,18.3,41849
TX,mills county,17.1,38564
TX,mitchell county,20.7,41363
TX,montague county,14.8,48996
TX,montgomery county,10.9,70929
TX,moore county,14.6,42839
TX,morris county,18.6,37954
TX,motley county,17.5,37936
TX,nacogdoches county,22.7,38895
TX,navarro county,20.3,43091
TX,newton county,20.2,39135
TX,nolan county,17.9,38742
TX,nueces county,16.8,51222
TX,ochiltree county,10.7,61773
TX,oldham county,15.6,54458
TX,orange county,16,48834
TX,palo pinto county,18.6,40862
TX,panola county,15.5,48822
TX,parker county,9.9,67655
TX,parmer county,14.6,41813
TX,pecos county,17.8,44817
TX,polk county,18.5,41401
TX,potter county,21.5,38224
TX,presidio county,21.8,34258
TX,rains county,14.9,47834
TX,randall county,9.7,64636
TX,reagan county,11.2,62376
TX,real county,18.7,37294
TX,red river county,20.1,34340
TX,reeves county,24.8,39006
TX,refugio county,16.9,43654
TX,roberts county,7.3,69424
TX,robertson county,19,43194
TX,rockwall county,6.8,84692
TX,runnels county,18.1,38607
TX,rusk county,16.6,46427
TX,sabine county,19,35701
TX,san augustine county,23.9,32826
TX,san jacinto county,18.6,43087
TX,san patricio county,15.8,51958
TX,san saba county,20.3,38000
TX,schleicher county,13.6,50361
TX,scurry county,14.1,56444
TX,shackelford county,13.1,55130
TX,shelby county,22,35772
TX,sherman county,13.4,49309
TX,smith county,18.1,45363
TX,somervell county,12.1,51733
TX,starr county,35.4,26699
TX,stephens county,20.8,44110
TX,sterling county,11.8,59854
TX,stonewall county,15.5,42780
TX,sutton county,13.2,60435
TX,swisher county,20.9,37527
TX,tarrant county,15.2,58127
TX,taylor county,15.9,45559
TX,terrell county,18.1,39503
TX,terry county,21.2,38752
TX,throckmorton county,14.2,43618
TX,titus county,20.6,40680
TX,tom green county,15.6,45261
TX,travis county,16.7,61779
TX,trinity county,19.9,36645
TX,tyler county,19.3,40442
TX,upshur county,14.6,46346
TX,upton county,14.3,55918
TX,uvalde county,22.1,37933
TX,val verde county,22.2,41437
TX,van zandt county,15.9,43377
TX,victoria county,15.8,51003
TX,walker county,26.3,39984
TX,waller county,16.1,50589
TX,ward county,14,53244
TX,washington county,15,55139
TX,webb county,32.3,37935
TX,wharton county,16.8,44110
TX,wheeler county,12,52548
TX,wichita county,19.3,43379
TX,wilbarger county,15.8,39377
TX,willacy county,38.8,29782
TX,williamson county,7.8,73098
TX,wilson county,11,62752
TX,winkler county,13.5,55493
TX,wise county,10,59904
TX,wood county,15.4,42753
TX,yoakum county,11.4,60738
TX,young county,16.4,41872
TX,zapata county,32.6,33291
TX,zavala county,31,26336
UT,utah,11.8,60943
UT,beaver county,9.8,50818
UT,box elder county,11.6,56313
UT,cache county,14.2,51735
UT,carbon county,15.7,47340
UT,daggett county,8.3,53006
UT,davis county,7.2,70797
UT,duchesne county,11.6,61976
UT,emery county,12.9,49709
UT,garfield county,12.2,45666
UT,grand county,15,43344
UT,iron county,22.1,43615
UT,juab county,11.4,55204
UT,kane county,11.8,48456
UT,millard county,12.9,52623
UT,morgan county,4.6,82597
UT,piute county,18.7,37730
UT,rich county,10.3,56772
UT,salt lake county,11.9,62536
UT,san juan county,29.2,40590
UT,sanpete county,17.1,44644
UT,sevier county,12.1,48622
UT,summit county,6.8,92560
UT,tooele county,8.1,64193
UT,uintah county,9.6,65489
UT,utah county,12.6,60957
UT,wasatch county,7.1,65207
UT,washington county,12.9,50169
UT,wayne county,14.1,42366
UT,weber county,12.3,59293
VT,vermont,12,54153
VT,addison county,9.5,59089
VT,bennington county,14.4,44674
VT,caledonia county,13.9,45029
VT,chittenden county,11,61908
VT,essex county,19.6,35570
VT,franklin county,9.1,59184
VT,grand isle county,9.1,60081
VT,lamoille county,12.6,49142
VT,orange county,12.8,53025
VT,orleans county,16.2,42089
VT,rutland county,13.5,44888
VT,washington county,11,58673
VT,windham county,12.9,49616
VT,windsor county,12.1,51513
VA,virginia,11.8,64923
VA,accomack county,19.4,38390
VA,albemarle county,9.1,67083
VA,alleghany county,15.8,45454
VA,amelia county,12.9,51738
VA,amherst county,13.7,43998
VA,appomattox county,15.1,44397
VA,arlington county,8.5,107143
VA,augusta county,9.8,57808
VA,bath county,11.5,43852
VA,bedford county,9.4,55507
VA,bland county,14.1,42624
VA,botetourt county,7.8,63646
VA,brunswick county,21.9,37344
VA,buchanan county,23.2,32083
VA,buckingham county,22.8,38731
VA,campbell county,14.5,46663
VA,caroline county,11,56099
VA,carroll county,17,38474
VA,charles city county,13.1,49768
VA,charlotte county,20.7,36339
VA,chesterfield county,8.3,72972
VA,clarke county,8.2,70281
VA,craig county,12.4,46551
VA,culpeper county,11,62394
VA,cumberland county,19,41409
VA,dickenson county,21.3,32103
VA,dinwiddie county,12.1,52288
VA,essex county,14.5,48277
VA,fairfax county,6.7,110507
VA,fauquier county,7.4,89106
VA,floyd county,14.1,43355
VA,fluvanna county,7.9,64258
VA,franklin county,16.3,47419
VA,frederick county,7.7,65485
VA,giles county,13.5,45979
VA,gloucester county,9.7,58900
VA,goochland county,7.5,86610
VA,grayson county,19.9,31893
VA,greene county,9.6,61762
VA,greensville county,25.1,36459
VA,halifax county,18,39079
VA,hanover county,6.1,81940
VA,henrico county,11,62446
VA,henry county,20.5,34842
VA,highland county,14.6,38636
VA,isle of wight county,10.2,64350
VA,james city county,7.9,75926
VA,king and queen county,14.8,46331
VA,king george county,7.5,76206
VA,king william county,8.8,64305
VA,lancaster county,13.7,45827
VA,lee county,26.6,31429
VA,loudoun county,3.9,122641
VA,louisa county,11.5,60121
VA,lunenburg county,22.4,37548
VA,madison county,12.3,52513
VA,mathews county,10.6,58268
VA,mecklenburg county,21.1,38500
VA,middlesex county,14.4,48921
VA,montgomery county,24.8,43484
VA,nelson county,13.4,48076
VA,new kent county,6.2,72406
VA,northampton county,21.5,36822
VA,northumberland county,14.3,51422
VA,nottoway county,24.3,37996
VA,orange county,10.7,59282
VA,page county,16.9,44851
VA,patrick county,21.9,34885
VA,pittsylvania county,14.6,44207
VA,powhatan county,7.1,75539
VA,prince edward county,25.5,37543
VA,prince george county,10.5,61792
VA,prince william county,7.2,91886
VA,pulaski county,14.7,46186
VA,rappahannock county,9.3,62800
VA,richmond county,19.7,42204
VA,roanoke county,8.2,61935
VA,rockbridge county,13,48497
VA,rockingham county,11.7,55798
VA,russell county,17.9,37378
VA,scott county,20.8,36290
VA,shenandoah county,12,45430
VA,smyth county,19.7,37831
VA,southampton county,15.3,46521
VA,spotsylvania county,9.2,75714
VA,stafford county,5.9,92647
VA,surry county,12.9,48707
VA,sussex county,23.9,37748
VA,tazewell county,19.2,38292
VA,warren county,11.3,60714
VA,washington county,14.5,43353
VA,westmoreland county,15,48232
VA,wise county,21.9,38528
VA,wythe county,15.6,41132
VA,york county,5.5,81169
VA,alexandria city,9.6,86419
VA,bristol city,21.8,34099
VA,buena vista city,17.2,38331
VA,charlottesville city,25.9,45890
VA,chesapeake city,9.8,66625
VA,colonial heights city,11.5,52355
VA,covington city,16.4,36503
VA,danville city,23.6,33646
VA,emporia city,26.1,33160
VA,fairfax city,7.8,94067
VA,falls church city,3.2,125635
VA,franklin city,22.5,38583
VA,fredericksburg city,16.8,51195
VA,galax city,22.7,33182
VA,hampton city,15.2,47615
VA,harrisonburg city,28.3,38541
VA,hopewell city,19.5,40122
VA,lexington city,24.1,40829
VA,lynchburg city,25,40065
VA,manassas city,9.8,72510
VA,manassas park city,8.9,73065
VA,martinsville city,23.8,29971
VA,newport news city,16.7,48440
VA,norfolk city,23.4,42567
VA,norton city,21.6,31620
VA,petersburg city,25.8,32749
VA,poquoson city,5.9,84213
VA,portsmouth city,18.3,43045
VA,radford city,32.4,34267
VA,richmond city,25,42074
VA,roanoke city,20.4,40735
VA,salem city,10.2,54195
VA,staunton city,16.5,42552
VA,suffolk city,13.6,60735
VA,virginia beach city,8.6,67676
VA,waynesboro city,14.6,44843
VA,williamsburg city,20.1,46954
VA,winchester city,13.4,44537
WA,washington,13.2,61358
WA,adams county,19,47423
WA,asotin county,16.3,44055
WA,benton county,14.6,58750
WA,chelan county,14,49174
WA,clallam county,16.2,47185
WA,clark county,9.9,61747
WA,columbia county,15.5,45465
WA,cowlitz county,20.6,44235
WA,douglas county,15.5,51151
WA,ferry county,22.4,39992
WA,franklin county,17.3,55006
WA,garfield county,14.2,46404
WA,grant county,15.8,50388
WA,grays harbor county,19.6,43205
WA,island county,10.3,59358
WA,jefferson county,14.1,50964
WA,king county,11.3,75738
WA,kitsap county,11.2,61898
WA,kittitas county,18.6,48127
WA,klickitat county,14.6,49348
WA,lewis county,17.1,44243
WA,lincoln county,12.5,49955
WA,mason county,15.6,52313
WA,okanogan county,23.2,37782
WA,pacific county,17.8,40189
WA,pend oreille county,22.3,42579
WA,pierce county,13.1,60397
WA,san juan county,12.7,54721
WA,skagit county,15.7,51395
WA,skamania county,12.6,52673
WA,snohomish county,9.9,71890
WA,spokane county,16.3,50083
WA,stevens county,19.3,43823
WA,thurston county,11.9,61653
WA,wahkiakum county,13.9,51022
WA,walla walla county,15.7,49819
WA,whatcom county,15.7,53733
WA,whitman county,28.4,41837
WA,yakima county,20.5,44342
WV,west virginia,18.3,41030
WV,barbour county,21.5,35615
WV,berkeley county,13.2,56737
WV,boone county,22.1,37625
WV,braxton county,22.2,33817
WV,brooke county,15.1,43572
WV,cabell county,21.9,34887
WV,calhoun county,21.8,32162
WV,clay county,25.1,32961
WV,doddridge county,17.4,41838
WV,fayette county,21.4,36739
WV,gilmer county,28.9,32705
WV,grant county,17,41039
WV,greenbrier county,21.1,36996
WV,hampshire county,21.2,35980
WV,hancock county,12.9,48178
WV,hardy county,15.3,41010
WV,harrison county,13.9,42121
WV,jackson county,16.7,41121
WV,jefferson county,10.2,66950
WV,kanawha county,16.8,43936
WV,lewis county,20,40568
WV,lincoln county,24.4,34295
WV,logan county,20.2,36437
WV,mcdowell county,34.9,24707
WV,marion county,17.9,43729
WV,marshall county,15.2,43356
WV,mason county,20.6,35799
WV,mercer county,20.5,35046
WV,mineral county,16.1,40012
WV,mingo county,28.1,29839
WV,monongalia county,22.5,43835
WV,monroe county,19.3,36351
WV,morgan county,13,44446
WV,nicholas county,19.6,36375
WV,ohio county,18.4,40195
WV,pendleton county,16.7,38204
WV,pleasants county,16.5,44801
WV,pocahontas county,17.6,34341
WV,preston county,17.6,41420
WV,putnam county,10,59472
WV,raleigh county,17.7,40270
WV,randolph county,20.8,37468
WV,ritchie county,17.7,46383
WV,roane county,23.1,33041
WV,summers county,25.8,32456
WV,taylor county,16.8,40305
WV,tucker county,17.1,36466
WV,tyler county,15.8,41019
WV,upshur county,19.7,38387
WV,wayne county,20,37242
WV,webster county,26.1,29331
WV,wetzel county,18.5,40013
WV,wirt county,20.3,38600
WV,wood county,17.2,41932
WV,wyoming county,22.8,34419
WI,wisconsin,13.2,52632
WI,adams county,17.8,42063
WI,ashland county,14.9,41294
WI,barron county,13.7,46375
WI,bayfield county,13.6,44395
WI,brown county,12,54141
WI,buffalo county,10.5,50998
WI,burnett county,16.5,41810
WI,calumet county,5.9,68430
WI,chippewa county,10.7,52485
WI,clark county,16,45316
WI,columbia county,8.8,59020
WI,crawford county,14.7,43562
WI,dane county,13.4,61937
WI,dodge county,9.9,54359
WI,door county,11,49717
WI,douglas county,13.9,46475
WI,dunn county,13.9,52224
WI,eau claire county,14.4,48102
WI,florence county,12.8,44562
WI,fond du lac county,9.9,52149
WI,forest county,17,41418
WI,grant county,15,46972
WI,green county,8.7,53328
WI,green lake county,11.3,51175
WI,iowa county,8.9,58419
WI,iron county,15.6,39408
WI,jackson county,14,47985
WI,jefferson county,10.6,56365
WI,juneau county,13.1,45158
WI,kenosha county,15.4,53945
WI,kewaunee county,8.9,56160
WI,la crosse county,12.6,49790
WI,lafayette county,11.7,52260
WI,langlade county,15.9,40968
WI,lincoln county,10.9,48881
WI,manitowoc county,10.8,48430
WI,marathon county,9.9,54400
WI,marinette county,13.4,43701
WI,marquette county,13,43661
WI,menominee county,29.1,36774
WI,milwaukee county,22,42946
WI,monroe county,14.4,52978
WI,oconto county,10.5,52776
WI,oneida county,12.6,49040
WI,outagamie county,10,59377
WI,ozaukee county,5,77364
WI,pepin county,12.1,53828
WI,pierce county,10.8,68471
WI,polk county,11.2,52411
WI,portage county,15.4,52075
WI,price county,13,42659
WI,racine county,13.1,54782
WI,richland county,13.5,44026
WI,rock county,14.9,51237
WI,rusk county,16.9,39999
WI,st. croix county,4.9,75920
WI,sauk county,11.9,50243
WI,sawyer county,17,40701
WI,shawano county,11.2,47841
WI,sheboygan county,9.1,55335
WI,taylor county,11.7,48683
WI,trempealeau county,12.2,50266
WI,vernon county,18,46943
WI,vilas county,14.8,41211
WI,walworth county,13.7,52852
WI,washburn county,13.4,42079
WI,washington county,5.9,69346
WI,waukesha county,5.8,76584
WI,waupaca county,10.4,52850
WI,waushara county,13.9,46835
WI,winnebago county,12.1,52711
WI,wood county,11.3,51003
WY,wyoming,11.2,58291
WY,albany county,24,42838
WY,big horn county,10.7,50437
WY,campbell county,7.1,79358
WY,carbon county,12.3,58225
WY,converse county,9.3,63166
WY,crook county,8.4,59701
WY,fremont county,14,48624
WY,goshen county,14.3,45721
WY,hot springs county,10.9,44427
WY,johnson county,9.7,51434
WY,laramie county,10.8,57192
WY,lincoln county,9,63575
WY,natrona county,10.4,57427
WY,niobrara county,14.7,45251
WY,park county,10.8,55354
WY,platte county,13,49713
WY,sheridan county,9.9,54716
WY,sublette county,6.8,77222
WY,sweetwater county,9.8,72604
WY,teton county,7.7,75348
WY,uinta county,10,56800
WY,washakie county,12.6,50802
WY,weston county,13.2,55520
